point,label,qty,tier,kind,access,unit,data_type,scale,sign,enum_ref,enum_detail,bitfield_detail,source,source_ref,description,mock_modbus,powerflow
A,Total Current,i_total,R,measurement,R,A,int16,1,,,,,SunSpec,SunSpec 203 A,Total AC current (sum or average per vendor; state which in the device map),device_3.poi_current_avg,poi.i_a
AphA,Current A,i_a,M,measurement,R,A,int16,1,,,,,SunSpec,SunSpec 203 AphA,Phase A current,device_3.poi_current_a,
AphB,Current B,i_b,M,measurement,R,A,int16,1,,,,,SunSpec,SunSpec 203 AphB,Phase B current,device_3.poi_current_b,
AphC,Current C,i_c,M,measurement,R,A,int16,1,,,,,SunSpec,SunSpec 203 AphC,Phase C current,device_3.poi_current_c,
AN,Neutral Current,i_n,O,measurement,R,A,int16,1,,,,,PAE,PAE (IEC 61850 MMXU.A.neut),Neutral current (4-wire),,
PhV,Voltage LN,v_ln_avg,R,measurement,R,V,uint16,1,,,,,SunSpec,SunSpec 203 PhV,Average line-to-neutral voltage,device_3.poi_voltage_avg_ln,
PhVphA,Voltage AN,v_an,R,measurement,R,V,uint16,1,,,,,SunSpec,SunSpec 203 PhVphA,Phase A to neutral,device_3.poi_voltage_a,
PhVphB,Voltage BN,v_bn,R,measurement,R,V,uint16,1,,,,,SunSpec,SunSpec 203 PhVphB,Phase B to neutral,device_3.poi_voltage_b,
PhVphC,Voltage CN,v_cn,R,measurement,R,V,uint16,1,,,,,SunSpec,SunSpec 203 PhVphC,Phase C to neutral,device_3.poi_voltage_c,
PPV,Voltage LL,v_ll_avg,M,measurement,R,V,uint16,1,,,,,SunSpec,SunSpec 203 PPV,Average line-to-line voltage,device_3.poi_voltage_avg_ll,poi.v_kv (kV)
PhVphAB,Voltage AB,v_ab,M,measurement,R,V,uint16,1,,,,,SunSpec,SunSpec 203 PhVphAB,Line-to-line voltage AB,,
PhVphBC,Voltage BC,v_bc,M,measurement,R,V,uint16,1,,,,,SunSpec,SunSpec 203 PhVphBC,Line-to-line voltage BC,,
PhVphCA,Voltage CA,v_ca,M,measurement,R,V,uint16,1,,,,,SunSpec,SunSpec 203 PhVphCA,Line-to-line voltage CA,,
Hz,Frequency,freq,M,measurement,R,Hz,uint16,0.01,,,,,SunSpec,SunSpec 203 Hz,Frequency,device_3.poi_frequency,
W,Active Power,p_total,M,measurement,R,W,int16,1000,ref,,,,SunSpec,SunSpec 203 W,Total active power; + in the meter's reference direction (POI: export),device_3.poi_active_power_total (kW),poi.p_kw (kW)
WphA,Active Power A,p_a,R,measurement,R,W,int16,1000,ref,,,,SunSpec,SunSpec 203 WphA,Phase A active power,device_3.poi_active_power_a (kW),
WphB,Active Power B,p_b,R,measurement,R,W,int16,1000,ref,,,,SunSpec,SunSpec 203 WphB,Phase B active power,device_3.poi_active_power_b (kW),
WphC,Active Power C,p_c,R,measurement,R,W,int16,1000,ref,,,,SunSpec,SunSpec 203 WphC,Phase C active power,device_3.poi_active_power_c (kW),
VAR,Reactive Power,q_total,M,measurement,R,var,int16,1000,ref,,,,SunSpec,SunSpec 203 VAR,Total reactive power,device_3.poi_reactive_power_total (kvar),poi.q_kvar (kvar)
VARphA,Reactive Power A,q_a,O,measurement,R,var,int16,1000,ref,,,,SunSpec,SunSpec 203 VARphA,Phase A reactive power,,
VARphB,Reactive Power B,q_b,O,measurement,R,var,int16,1000,ref,,,,SunSpec,SunSpec 203 VARphB,Phase B reactive power,,
VARphC,Reactive Power C,q_c,O,measurement,R,var,int16,1000,ref,,,,SunSpec,SunSpec 203 VARphC,Phase C reactive power,,
VA,Apparent Power,s_total,M,measurement,R,VA,int16,1000,,,,,SunSpec,SunSpec 203 VA,Total apparent power,device_3.poi_apparent_power_total (kVA),poi.s_kva (kVA)
VAphA,Apparent Power A,s_a,O,measurement,R,VA,int16,1000,,,,,SunSpec,SunSpec 203 VAphA,Phase A apparent power,,
VAphB,Apparent Power B,s_b,O,measurement,R,VA,int16,1000,,,,,SunSpec,SunSpec 203 VAphB,Phase B apparent power,,
VAphC,Apparent Power C,s_c,O,measurement,R,VA,int16,1000,,,,,SunSpec,SunSpec 203 VAphC,Phase C apparent power,,
PF,Power Factor,pf,M,measurement,R,,int16,0.001,pf,,,,SunSpec,SunSpec 203 PF,Total power factor (SunSpec unit is Pct; this standard uses a -1..1 ratio),device_3.poi_power_factor,poi.pf
PFphA,Power Factor A,pf_a,O,measurement,R,,int16,0.001,pf,,,,SunSpec,SunSpec 203 PFphA,Phase A power factor,,
PFphB,Power Factor B,pf_b,O,measurement,R,,int16,0.001,pf,,,,SunSpec,SunSpec 203 PFphB,Phase B power factor,,
PFphC,Power Factor C,pf_c,O,measurement,R,,int16,0.001,pf,,,,SunSpec,SunSpec 203 PFphC,Phase C power factor,,
TotWhExp,Energy Exported,e_exp,M,counter,R,Wh,uint32,1000,,,,,SunSpec,SunSpec 203 TotWhExp,Lifetime active energy exported (delivered to grid at POI),device_3.poi_export_energy_total (MWh),
TotWhImp,Energy Imported,e_imp,M,counter,R,Wh,uint32,1000,,,,,SunSpec,SunSpec 203 TotWhImp,Lifetime active energy imported (received from grid at POI),device_3.poi_import_energy_total (MWh),
TotVAhExp,Apparent Energy Exported,es_exp,O,counter,R,VAh,uint32,1000,,,,,SunSpec,SunSpec 203 TotVAhExp,Lifetime apparent energy exported,,
TotVAhImp,Apparent Energy Imported,es_imp,O,counter,R,VAh,uint32,1000,,,,,SunSpec,SunSpec 203 TotVAhImp,Lifetime apparent energy imported,,
TotVArhImpQ1,Reactive Energy Q1,eq_q1,R,counter,R,varh,uint32,1000,,,,,SunSpec,SunSpec 203 TotVArhImpQ1,Lifetime reactive energy quadrant 1,,
TotVArhImpQ2,Reactive Energy Q2,eq_q2,O,counter,R,varh,uint32,1000,,,,,SunSpec,SunSpec 203 TotVArhImpQ2,Lifetime reactive energy quadrant 2,,
TotVArhExpQ3,Reactive Energy Q3,eq_q3,O,counter,R,varh,uint32,1000,,,,,SunSpec,SunSpec 203 TotVArhExpQ3,Lifetime reactive energy quadrant 3,,
TotVArhExpQ4,Reactive Energy Q4,eq_q4,R,counter,R,varh,uint32,1000,,,,,SunSpec,SunSpec 203 TotVArhExpQ4,Lifetime reactive energy quadrant 4,,
ThdV,Voltage THD,thd_v,O,measurement,R,%,uint16,0.01,,,,,PAE,PAE (IEC 61850 MHAI.ThdPhV),Average voltage total harmonic distortion,,
ThdA,Current THD,thd_i,O,measurement,R,%,uint16,0.01,,,,,PAE,PAE (IEC 61850 MHAI.ThdA),Average current total harmonic distortion,,
VUnb,Voltage Unbalance,v_unbal,O,measurement,R,%,uint16,0.01,,,,,PAE,PAE (IEC 61850 MSQI.ImbPPV),Voltage unbalance,,
AUnb,Current Unbalance,i_unbal,O,measurement,R,%,uint16,0.01,,,,,PAE,PAE (IEC 61850 MSQI.ImbA),Current unbalance,,
WDmd,Demand,p_demand,O,measurement,R,W,int16,1000,ref,,,,PAE,PAE (IEC 61850 MMTR),Rolling demand over the meter's demand interval,,
WDmdPk,Peak Demand,p_demand_peak,O,measurement,R,W,int16,1000,ref,,,,PAE,PAE,Peak demand since last reset,,
Evt,Meter Events,meter_alarm,R,alarm,R,,bitfield32,1,,203.Evt,,"{""2"":""M_EVENT_Power_Failure"",""3"":""M_EVENT_Under_Voltage"",""4"":""M_EVENT_Low_PF"",""5"":""M_EVENT_Over_Current"",""6"":""M_EVENT_Over_Voltage"",""7"":""M_EVENT_Missing_Sensor"",""16"":""M_EVENT_OEM01"",""17"":""M_EVENT_OEM02"",""18"":""M_EVENT_OEM03"",""19"":""M_EVENT_OEM04"",""20"":""M_EVENT_OEM05"",""21"":""M_EVENT_OEM06"",""22"":""M_EVENT_OEM07"",""23"":""M_EVENT_OEM08"",""24"":""M_EVENT_OEM09"",""25"":""M_EVENT_OEM10"",""26"":""M_EVENT_OEM11"",""27"":""M_EVENT_OEM12"",""28"":""M_EVENT_OEM13"",""29"":""M_EVENT_OEM14"",""30"":""M_EVENT_OEM15""}",SunSpec,SunSpec 203 Evt,Meter event word,,poi.alarm_flags (partial)
