point,label,qty,tier,kind,access,unit,data_type,scale,sign,enum_ref,enum_detail,bitfield_detail,source,source_ref,description,mock_modbus,powerflow,powerflow_server
W,Active Power,p_total,M,measurement,R,W,int16,1000,load,,,,SunSpec,SunSpec 203 W,Load active power; + consuming,,load.p_kw (kW),yes
VAR,Reactive Power,q_total,M,measurement,R,var,int16,1000,load,,,,SunSpec,SunSpec 203 VAR,Load reactive power; + lagging (absorbing),,load.q_kvar (kvar),yes
VA,Apparent Power,s_total,M,measurement,R,VA,int16,1000,,,,,SunSpec,SunSpec 203 VA,Load apparent power,,load.s_kva (kVA),yes
PF,Power Factor,pf,M,measurement,R,,int16,0.001,pf,,,,SunSpec,SunSpec 203 PF,Load power factor; + lagging,,load.pf,yes
PPV,Voltage LL,v_ll_avg,R,measurement,R,V,uint16,1,,,,,SunSpec,SunSpec 203 PPV,Average line-to-line voltage at the load,,load.v_pu (pu),calc
A,Total Current,i_total,R,measurement,R,A,int16,1,,,,,SunSpec,SunSpec 203 A,Load current,,,calc
AphA,Current A,i_a,O,measurement,R,A,int16,1,,,,,SunSpec,SunSpec 203 AphA,Phase A current,,,calc
AphB,Current B,i_b,O,measurement,R,A,int16,1,,,,,SunSpec,SunSpec 203 AphB,Phase B current,,,calc
AphC,Current C,i_c,O,measurement,R,A,int16,1,,,,,SunSpec,SunSpec 203 AphC,Phase C current,,,calc
TotWhImp,Energy Consumed,e_imp,R,counter,R,Wh,uint32,1000,,,,,SunSpec,SunSpec 203 TotWhImp,Lifetime energy consumed,,,calc
SupplySt,Supply State,supply_state,R,status,R,,enum16,1,,pae.SupplySt,"{""0"":""DE_ENERGIZED"",""1"":""ENERGIZED""}",,PAE,PAE,Load energised or not,,load.supply_state,yes
Alrm,Load Alarms,load_alarm,O,alarm,R,,bitfield16,1,,pae.LoadAlrm,,"{""0"":""UNDERVOLTAGE"",""1"":""OVERVOLTAGE"",""2"":""OVERLOAD"",""3"":""COMM_LOSS""}",PAE,PAE,Load alarm word,,load.alarm_flags,yes
ShedCmd,Shed Command,cmd_shed,O,setpoint,RW,,enum16,1,,pae.Active,"{""0"":""NORMAL"",""1"":""ACTIVE""}",,PAE,PAE,Controllable load: write ACTIVE to shed / NORMAL to restore,,,no
ShedSt,Shed State,shed_state,O,status,R,,enum16,1,,pae.Active,"{""0"":""NORMAL"",""1"":""ACTIVE""}",,PAE,PAE,Controllable load: currently shed,,,no
WLim,Power Limit,p_lim,O,setpoint,RW,W,uint16,1000,,,,,PAE,PAE,Controllable load: max consumption (e.g. EV charger),,,no
Priority,Shed Priority,shed_prio,O,nameplate,RW,,uint16,1,,,,,PAE,PAE,Load-shed order (1 = shed first),,,no
