timestamp,p_kw,ghi_wm2
2026-06-21T00:00:00Z,0.0,0.0
2026-06-21T00:01:00Z,0.0,0.0
2026-06-21T00:02:00Z,0.0,0.0
2026-06-21T00:03:00Z,0.0,0.0
2026-06-21T00:04:00Z,0.0,0.0
2026-06-21T00:05:00Z,0.0,0.0
2026-06-21T00:06:00Z,0.0,0.0
2026-06-21T00:07:00Z,0.0,0.0
2026-06-21T00:08:00Z,0.0,0.0
2026-06-21T00:09:00Z,0.0,0.0
2026-06-21T00:10:00Z,0.0,0.0
2026-06-21T00:11:00Z,0.0,0.0
2026-06-21T00:12:00Z,0.0,0.0
2026-06-21T00:13:00Z,0.0,0.0
2026-06-21T00:14:00Z,0.0,0.0
2026-06-21T00:15:00Z,0.0,0.0
2026-06-21T00:16:00Z,0.0,0.0
2026-06-21T00:17:00Z,0.0,0.0
2026-06-21T00:18:00Z,0.0,0.0
2026-06-21T00:19:00Z,0.0,0.0
2026-06-21T00:20:00Z,0.0,0.0
2026-06-21T00:21:00Z,0.0,0.0
2026-06-21T00:22:00Z,0.0,0.0
2026-06-21T00:23:00Z,0.0,0.0
2026-06-21T00:24:00Z,0.0,0.0
2026-06-21T00:25:00Z,0.0,0.0
2026-06-21T00:26:00Z,0.0,0.0
2026-06-21T00:27:00Z,0.0,0.0
2026-06-21T00:28:00Z,0.0,0.0
2026-06-21T00:29:00Z,0.0,0.0
2026-06-21T00:30:00Z,0.0,0.0
2026-06-21T00:31:00Z,0.0,0.0
2026-06-21T00:32:00Z,0.0,0.0
2026-06-21T00:33:00Z,0.0,0.0
2026-06-21T00:34:00Z,0.0,0.0
2026-06-21T00:35:00Z,0.0,0.0
2026-06-21T00:36:00Z,0.0,0.0
2026-06-21T00:37:00Z,0.0,0.0
2026-06-21T00:38:00Z,0.0,0.0
2026-06-21T00:39:00Z,0.0,0.0
2026-06-21T00:40:00Z,0.0,0.0
2026-06-21T00:41:00Z,0.0,0.0
2026-06-21T00:42:00Z,0.0,0.0
2026-06-21T00:43:00Z,0.0,0.0
2026-06-21T00:44:00Z,0.0,0.0
2026-06-21T00:45:00Z,0.0,0.0
2026-06-21T00:46:00Z,0.0,0.0
2026-06-21T00:47:00Z,0.0,0.0
2026-06-21T00:48:00Z,0.0,0.0
2026-06-21T00:49:00Z,0.0,0.0
2026-06-21T00:50:00Z,0.0,0.0
2026-06-21T00:51:00Z,0.0,0.0
2026-06-21T00:52:00Z,0.0,0.0
2026-06-21T00:53:00Z,0.0,0.0
2026-06-21T00:54:00Z,0.0,0.0
2026-06-21T00:55:00Z,0.0,0.0
2026-06-21T00:56:00Z,0.0,0.0
2026-06-21T00:57:00Z,0.0,0.0
2026-06-21T00:58:00Z,0.0,0.0
2026-06-21T00:59:00Z,0.0,0.0
2026-06-21T01:00:00Z,0.0,0.0
2026-06-21T01:01:00Z,0.0,0.0
2026-06-21T01:02:00Z,0.0,0.0
2026-06-21T01:03:00Z,0.0,0.0
2026-06-21T01:04:00Z,0.0,0.0
2026-06-21T01:05:00Z,0.0,0.0
2026-06-21T01:06:00Z,0.0,0.0
2026-06-21T01:07:00Z,0.0,0.0
2026-06-21T01:08:00Z,0.0,0.0
2026-06-21T01:09:00Z,0.0,0.0
2026-06-21T01:10:00Z,0.0,0.0
2026-06-21T01:11:00Z,0.0,0.0
2026-06-21T01:12:00Z,0.0,0.0
2026-06-21T01:13:00Z,0.0,0.0
2026-06-21T01:14:00Z,0.0,0.0
2026-06-21T01:15:00Z,0.0,0.0
2026-06-21T01:16:00Z,0.0,0.0
2026-06-21T01:17:00Z,0.0,0.0
2026-06-21T01:18:00Z,0.0,0.0
2026-06-21T01:19:00Z,0.0,0.0
2026-06-21T01:20:00Z,0.0,0.0
2026-06-21T01:21:00Z,0.0,0.0
2026-06-21T01:22:00Z,0.0,0.0
2026-06-21T01:23:00Z,0.0,0.0
2026-06-21T01:24:00Z,0.0,0.0
2026-06-21T01:25:00Z,0.0,0.0
2026-06-21T01:26:00Z,0.0,0.0
2026-06-21T01:27:00Z,0.0,0.0
2026-06-21T01:28:00Z,0.0,0.0
2026-06-21T01:29:00Z,0.0,0.0
2026-06-21T01:30:00Z,0.0,0.0
2026-06-21T01:31:00Z,0.0,0.0
2026-06-21T01:32:00Z,0.0,0.0
2026-06-21T01:33:00Z,0.0,0.0
2026-06-21T01:34:00Z,0.0,0.0
2026-06-21T01:35:00Z,0.0,0.0
2026-06-21T01:36:00Z,0.0,0.0
2026-06-21T01:37:00Z,0.0,0.0
2026-06-21T01:38:00Z,0.0,0.0
2026-06-21T01:39:00Z,0.0,0.0
2026-06-21T01:40:00Z,0.0,0.0
2026-06-21T01:41:00Z,0.0,0.0
2026-06-21T01:42:00Z,0.0,0.0
2026-06-21T01:43:00Z,0.0,0.0
2026-06-21T01:44:00Z,0.0,0.0
2026-06-21T01:45:00Z,0.0,0.0
2026-06-21T01:46:00Z,0.0,0.0
2026-06-21T01:47:00Z,0.0,0.0
2026-06-21T01:48:00Z,0.0,0.0
2026-06-21T01:49:00Z,0.0,0.0
2026-06-21T01:50:00Z,0.0,0.0
2026-06-21T01:51:00Z,0.0,0.0
2026-06-21T01:52:00Z,0.0,0.0
2026-06-21T01:53:00Z,0.0,0.0
2026-06-21T01:54:00Z,0.0,0.0
2026-06-21T01:55:00Z,0.0,0.0
2026-06-21T01:56:00Z,0.0,0.0
2026-06-21T01:57:00Z,0.0,0.0
2026-06-21T01:58:00Z,0.0,0.0
2026-06-21T01:59:00Z,0.0,0.0
2026-06-21T02:00:00Z,0.0,0.0
2026-06-21T02:01:00Z,0.0,0.0
2026-06-21T02:02:00Z,0.0,0.0
2026-06-21T02:03:00Z,0.0,0.0
2026-06-21T02:04:00Z,0.0,0.0
2026-06-21T02:05:00Z,0.0,0.0
2026-06-21T02:06:00Z,0.0,0.0
2026-06-21T02:07:00Z,0.0,0.0
2026-06-21T02:08:00Z,0.0,0.0
2026-06-21T02:09:00Z,0.0,0.0
2026-06-21T02:10:00Z,0.0,0.0
2026-06-21T02:11:00Z,0.0,0.0
2026-06-21T02:12:00Z,0.0,0.0
2026-06-21T02:13:00Z,0.0,0.0
2026-06-21T02:14:00Z,0.0,0.0
2026-06-21T02:15:00Z,0.0,0.0
2026-06-21T02:16:00Z,0.0,0.0
2026-06-21T02:17:00Z,0.0,0.0
2026-06-21T02:18:00Z,0.0,0.0
2026-06-21T02:19:00Z,0.0,0.0
2026-06-21T02:20:00Z,0.0,0.0
2026-06-21T02:21:00Z,0.0,0.0
2026-06-21T02:22:00Z,0.0,0.0
2026-06-21T02:23:00Z,0.0,0.0
2026-06-21T02:24:00Z,0.0,0.0
2026-06-21T02:25:00Z,0.0,0.0
2026-06-21T02:26:00Z,0.0,0.0
2026-06-21T02:27:00Z,0.0,0.0
2026-06-21T02:28:00Z,0.0,0.0
2026-06-21T02:29:00Z,0.0,0.0
2026-06-21T02:30:00Z,0.0,0.0
2026-06-21T02:31:00Z,0.0,0.0
2026-06-21T02:32:00Z,0.0,0.0
2026-06-21T02:33:00Z,0.0,0.0
2026-06-21T02:34:00Z,0.0,0.0
2026-06-21T02:35:00Z,0.0,0.0
2026-06-21T02:36:00Z,0.0,0.0
2026-06-21T02:37:00Z,0.0,0.0
2026-06-21T02:38:00Z,0.0,0.0
2026-06-21T02:39:00Z,0.0,0.0
2026-06-21T02:40:00Z,0.0,0.0
2026-06-21T02:41:00Z,0.0,0.0
2026-06-21T02:42:00Z,0.0,0.0
2026-06-21T02:43:00Z,0.0,0.0
2026-06-21T02:44:00Z,0.0,0.0
2026-06-21T02:45:00Z,0.0,0.0
2026-06-21T02:46:00Z,0.0,0.0
2026-06-21T02:47:00Z,0.0,0.0
2026-06-21T02:48:00Z,0.0,0.0
2026-06-21T02:49:00Z,0.0,0.0
2026-06-21T02:50:00Z,0.0,0.0
2026-06-21T02:51:00Z,0.0,0.0
2026-06-21T02:52:00Z,0.0,0.0
2026-06-21T02:53:00Z,0.0,0.0
2026-06-21T02:54:00Z,0.0,0.0
2026-06-21T02:55:00Z,0.0,0.0
2026-06-21T02:56:00Z,0.0,0.0
2026-06-21T02:57:00Z,0.0,0.0
2026-06-21T02:58:00Z,0.0,0.0
2026-06-21T02:59:00Z,0.0,0.0
2026-06-21T03:00:00Z,0.0,0.0
2026-06-21T03:01:00Z,0.0,0.0
2026-06-21T03:02:00Z,0.0,0.0
2026-06-21T03:03:00Z,0.0,0.0
2026-06-21T03:04:00Z,0.0,0.0
2026-06-21T03:05:00Z,0.0,0.0
2026-06-21T03:06:00Z,0.0,0.0
2026-06-21T03:07:00Z,0.0,0.0
2026-06-21T03:08:00Z,0.0,0.0
2026-06-21T03:09:00Z,0.0,0.0
2026-06-21T03:10:00Z,0.0,0.0
2026-06-21T03:11:00Z,0.0,0.0
2026-06-21T03:12:00Z,0.0,0.0
2026-06-21T03:13:00Z,0.0,0.0
2026-06-21T03:14:00Z,0.0,0.0
2026-06-21T03:15:00Z,0.0,0.0
2026-06-21T03:16:00Z,0.0,0.0
2026-06-21T03:17:00Z,0.0,0.0
2026-06-21T03:18:00Z,0.0,0.0
2026-06-21T03:19:00Z,0.0,0.0
2026-06-21T03:20:00Z,0.0,0.0
2026-06-21T03:21:00Z,0.0,0.0
2026-06-21T03:22:00Z,0.0,0.0
2026-06-21T03:23:00Z,0.0,0.0
2026-06-21T03:24:00Z,0.0,0.0
2026-06-21T03:25:00Z,0.0,0.0
2026-06-21T03:26:00Z,0.0,0.0
2026-06-21T03:27:00Z,0.0,0.0
2026-06-21T03:28:00Z,0.0,0.0
2026-06-21T03:29:00Z,0.0,0.0
2026-06-21T03:30:00Z,0.0,0.0
2026-06-21T03:31:00Z,0.0,0.0
2026-06-21T03:32:00Z,0.0,0.0
2026-06-21T03:33:00Z,0.0,0.0
2026-06-21T03:34:00Z,0.0,0.0
2026-06-21T03:35:00Z,0.0,0.0
2026-06-21T03:36:00Z,0.0,0.0
2026-06-21T03:37:00Z,0.0,0.0
2026-06-21T03:38:00Z,0.0,0.0
2026-06-21T03:39:00Z,0.0,0.0
2026-06-21T03:40:00Z,0.0,0.0
2026-06-21T03:41:00Z,0.0,0.0
2026-06-21T03:42:00Z,0.0,0.0
2026-06-21T03:43:00Z,0.0,0.0
2026-06-21T03:44:00Z,0.0,0.0
2026-06-21T03:45:00Z,0.0,0.0
2026-06-21T03:46:00Z,0.0,0.0
2026-06-21T03:47:00Z,0.0,0.0
2026-06-21T03:48:00Z,0.0,0.0
2026-06-21T03:49:00Z,0.0,0.0
2026-06-21T03:50:00Z,0.0,0.0
2026-06-21T03:51:00Z,0.0,0.0
2026-06-21T03:52:00Z,0.0,0.0
2026-06-21T03:53:00Z,0.0,0.0
2026-06-21T03:54:00Z,0.0,0.0
2026-06-21T03:55:00Z,0.0,0.0
2026-06-21T03:56:00Z,0.0,0.0
2026-06-21T03:57:00Z,0.0,0.0
2026-06-21T03:58:00Z,0.0,0.0
2026-06-21T03:59:00Z,0.0,0.0
2026-06-21T04:00:00Z,0.0,0.0
2026-06-21T04:01:00Z,0.0,0.0
2026-06-21T04:02:00Z,0.0,0.0
2026-06-21T04:03:00Z,0.0,0.0
2026-06-21T04:04:00Z,0.0,0.0
2026-06-21T04:05:00Z,0.0,0.0
2026-06-21T04:06:00Z,0.0,0.0
2026-06-21T04:07:00Z,0.0,0.0
2026-06-21T04:08:00Z,0.0,0.0
2026-06-21T04:09:00Z,0.0,0.0
2026-06-21T04:10:00Z,0.0,0.0
2026-06-21T04:11:00Z,0.0,0.0
2026-06-21T04:12:00Z,0.0,0.0
2026-06-21T04:13:00Z,0.0,0.0
2026-06-21T04:14:00Z,0.0,0.0
2026-06-21T04:15:00Z,0.0,0.0
2026-06-21T04:16:00Z,0.0,0.0
2026-06-21T04:17:00Z,0.0,0.0
2026-06-21T04:18:00Z,0.0,0.0
2026-06-21T04:19:00Z,0.0,0.0
2026-06-21T04:20:00Z,0.0,0.0
2026-06-21T04:21:00Z,0.0,0.0
2026-06-21T04:22:00Z,0.0,0.0
2026-06-21T04:23:00Z,0.0,0.0
2026-06-21T04:24:00Z,0.0,0.0
2026-06-21T04:25:00Z,0.0,0.0
2026-06-21T04:26:00Z,0.0,0.0
2026-06-21T04:27:00Z,0.0,0.0
2026-06-21T04:28:00Z,0.0,0.0
2026-06-21T04:29:00Z,0.0,0.0
2026-06-21T04:30:00Z,0.0,0.0
2026-06-21T04:31:00Z,0.0,0.0
2026-06-21T04:32:00Z,0.0,0.0
2026-06-21T04:33:00Z,0.0,0.0
2026-06-21T04:34:00Z,0.0,0.0
2026-06-21T04:35:00Z,0.0,0.0
2026-06-21T04:36:00Z,0.0,0.0
2026-06-21T04:37:00Z,0.0,0.0
2026-06-21T04:38:00Z,0.0,0.0
2026-06-21T04:39:00Z,0.0,0.0
2026-06-21T04:40:00Z,0.0,0.0
2026-06-21T04:41:00Z,0.0,0.0
2026-06-21T04:42:00Z,0.0,0.0
2026-06-21T04:43:00Z,0.0,0.0
2026-06-21T04:44:00Z,0.0,0.0
2026-06-21T04:45:00Z,0.0,0.0
2026-06-21T04:46:00Z,0.0,0.0
2026-06-21T04:47:00Z,0.0,0.0
2026-06-21T04:48:00Z,0.0,0.0
2026-06-21T04:49:00Z,0.0,0.0
2026-06-21T04:50:00Z,0.0,0.0
2026-06-21T04:51:00Z,0.0,0.0
2026-06-21T04:52:00Z,0.0,0.0
2026-06-21T04:53:00Z,0.0,0.0
2026-06-21T04:54:00Z,0.0,0.0
2026-06-21T04:55:00Z,0.0,0.0
2026-06-21T04:56:00Z,0.0,0.0
2026-06-21T04:57:00Z,0.0,0.0
2026-06-21T04:58:00Z,0.0,0.0
2026-06-21T04:59:00Z,0.0,0.0
2026-06-21T05:00:00Z,0.0,0.0
2026-06-21T05:01:00Z,0.0,0.0
2026-06-21T05:02:00Z,0.0,0.0
2026-06-21T05:03:00Z,0.0,0.0
2026-06-21T05:04:00Z,0.0,0.0
2026-06-21T05:05:00Z,0.0,0.0
2026-06-21T05:06:00Z,0.0,0.0
2026-06-21T05:07:00Z,0.0,0.0
2026-06-21T05:08:00Z,0.0,0.0
2026-06-21T05:09:00Z,0.0,0.0
2026-06-21T05:10:00Z,0.0,0.0
2026-06-21T05:11:00Z,0.0,0.0
2026-06-21T05:12:00Z,0.0,0.0
2026-06-21T05:13:00Z,0.0,0.0
2026-06-21T05:14:00Z,0.0,0.0
2026-06-21T05:15:00Z,0.0,0.0
2026-06-21T05:16:00Z,0.0,0.0
2026-06-21T05:17:00Z,0.0,0.0
2026-06-21T05:18:00Z,0.0,0.0
2026-06-21T05:19:00Z,0.0,0.0
2026-06-21T05:20:00Z,0.0,0.0
2026-06-21T05:21:00Z,0.0,0.0
2026-06-21T05:22:00Z,0.0,0.0
2026-06-21T05:23:00Z,0.0,0.0
2026-06-21T05:24:00Z,0.0,0.0
2026-06-21T05:25:00Z,0.0,0.0
2026-06-21T05:26:00Z,0.0,0.0
2026-06-21T05:27:00Z,0.0,0.0
2026-06-21T05:28:00Z,0.0,0.0
2026-06-21T05:29:00Z,0.0,0.0
2026-06-21T05:30:00Z,0.0,0.0
2026-06-21T05:31:00Z,1.3,0.2
2026-06-21T05:32:00Z,3.8,0.6
2026-06-21T05:33:00Z,7.0,1.1
2026-06-21T05:34:00Z,10.7,1.7
2026-06-21T05:35:00Z,15.0,2.4
2026-06-21T05:36:00Z,19.7,3.2
2026-06-21T05:37:00Z,24.8,4.0
2026-06-21T05:38:00Z,30.3,4.9
2026-06-21T05:39:00Z,36.2,5.8
2026-06-21T05:40:00Z,42.4,6.8
2026-06-21T05:41:00Z,48.9,7.9
2026-06-21T05:42:00Z,55.7,9.0
2026-06-21T05:43:00Z,62.8,10.1
2026-06-21T05:44:00Z,70.2,11.3
2026-06-21T05:45:00Z,77.8,12.6
2026-06-21T05:46:00Z,85.7,13.8
2026-06-21T05:47:00Z,93.9,15.2
2026-06-21T05:48:00Z,102.3,16.5
2026-06-21T05:49:00Z,110.9,17.9
2026-06-21T05:50:00Z,119.8,19.3
2026-06-21T05:51:00Z,128.8,20.8
2026-06-21T05:52:00Z,138.1,22.3
2026-06-21T05:53:00Z,147.6,23.8
2026-06-21T05:54:00Z,157.3,25.4
2026-06-21T05:55:00Z,167.2,27.0
2026-06-21T05:56:00Z,177.4,28.6
2026-06-21T05:57:00Z,187.7,30.3
2026-06-21T05:58:00Z,198.1,32.0
2026-06-21T05:59:00Z,208.8,33.7
2026-06-21T06:00:00Z,219.7,35.5
2026-06-21T06:01:00Z,230.7,37.3
2026-06-21T06:02:00Z,241.9,39.1
2026-06-21T06:03:00Z,253.3,40.9
2026-06-21T06:04:00Z,264.8,42.8
2026-06-21T06:05:00Z,276.5,44.7
2026-06-21T06:06:00Z,288.4,46.6
2026-06-21T06:07:00Z,300.4,48.5
2026-06-21T06:08:00Z,312.6,50.5
2026-06-21T06:09:00Z,325.0,52.5
2026-06-21T06:10:00Z,337.5,54.5
2026-06-21T06:11:00Z,350.1,56.6
2026-06-21T06:12:00Z,362.9,58.6
2026-06-21T06:13:00Z,375.9,60.7
2026-06-21T06:14:00Z,388.9,62.8
2026-06-21T06:15:00Z,402.2,65.0
2026-06-21T06:16:00Z,415.5,67.1
2026-06-21T06:17:00Z,429.0,69.3
2026-06-21T06:18:00Z,442.7,71.5
2026-06-21T06:19:00Z,456.4,73.7
2026-06-21T06:20:00Z,470.3,76.0
2026-06-21T06:21:00Z,484.4,78.2
2026-06-21T06:22:00Z,498.5,80.5
2026-06-21T06:23:00Z,512.8,82.8
2026-06-21T06:24:00Z,527.2,85.2
2026-06-21T06:25:00Z,541.8,87.5
2026-06-21T06:26:00Z,556.4,89.9
2026-06-21T06:27:00Z,571.2,92.3
2026-06-21T06:28:00Z,586.1,94.7
2026-06-21T06:29:00Z,601.1,97.1
2026-06-21T06:30:00Z,616.2,99.5
2026-06-21T06:31:00Z,631.5,102.0
2026-06-21T06:32:00Z,646.8,104.5
2026-06-21T06:33:00Z,662.3,107.0
2026-06-21T06:34:00Z,677.8,109.5
2026-06-21T06:35:00Z,693.5,112.0
2026-06-21T06:36:00Z,709.3,114.6
2026-06-21T06:37:00Z,725.2,117.1
2026-06-21T06:38:00Z,741.2,119.7
2026-06-21T06:39:00Z,757.2,122.3
2026-06-21T06:40:00Z,773.4,124.9
2026-06-21T06:41:00Z,789.7,127.6
2026-06-21T06:42:00Z,806.1,130.2
2026-06-21T06:43:00Z,822.6,132.9
2026-06-21T06:44:00Z,839.2,135.6
2026-06-21T06:45:00Z,855.9,138.3
2026-06-21T06:46:00Z,872.6,141.0
2026-06-21T06:47:00Z,889.5,143.7
2026-06-21T06:48:00Z,906.5,146.4
2026-06-21T06:49:00Z,923.5,149.2
2026-06-21T06:50:00Z,940.6,151.9
2026-06-21T06:51:00Z,957.9,154.7
2026-06-21T06:52:00Z,975.2,157.5
2026-06-21T06:53:00Z,992.5,160.3
2026-06-21T06:54:00Z,1010.0,163.2
2026-06-21T06:55:00Z,1027.6,166.0
2026-06-21T06:56:00Z,1045.2,168.8
2026-06-21T06:57:00Z,1062.9,171.7
2026-06-21T06:58:00Z,1080.7,174.6
2026-06-21T06:59:00Z,1098.6,177.5
2026-06-21T07:00:00Z,1116.6,180.4
2026-06-21T07:01:00Z,1134.6,183.3
2026-06-21T07:02:00Z,1152.7,186.2
2026-06-21T07:03:00Z,1170.9,189.1
2026-06-21T07:04:00Z,1189.1,192.1
2026-06-21T07:05:00Z,1207.5,195.1
2026-06-21T07:06:00Z,1225.9,198.0
2026-06-21T07:07:00Z,1244.3,201.0
2026-06-21T07:08:00Z,1262.9,204.0
2026-06-21T07:09:00Z,1281.5,207.0
2026-06-21T07:10:00Z,1300.1,210.0
2026-06-21T07:11:00Z,1318.9,213.0
2026-06-21T07:12:00Z,1337.7,216.1
2026-06-21T07:13:00Z,1356.5,219.1
2026-06-21T07:14:00Z,1375.5,222.2
2026-06-21T07:15:00Z,1394.5,225.3
2026-06-21T07:16:00Z,1413.5,228.3
2026-06-21T07:17:00Z,1432.6,231.4
2026-06-21T07:18:00Z,1451.8,234.5
2026-06-21T07:19:00Z,1471.0,237.6
2026-06-21T07:20:00Z,1490.3,240.7
2026-06-21T07:21:00Z,1509.7,243.9
2026-06-21T07:22:00Z,1529.0,247.0
2026-06-21T07:23:00Z,1548.5,250.1
2026-06-21T07:24:00Z,1568.0,253.3
2026-06-21T07:25:00Z,1587.6,256.5
2026-06-21T07:26:00Z,1607.2,259.6
2026-06-21T07:27:00Z,1626.8,262.8
2026-06-21T07:28:00Z,1646.5,266.0
2026-06-21T07:29:00Z,1666.3,269.2
2026-06-21T07:30:00Z,1686.1,272.4
2026-06-21T07:31:00Z,1706.0,275.6
2026-06-21T07:32:00Z,1725.9,278.8
2026-06-21T07:33:00Z,1745.8,282.0
2026-06-21T07:34:00Z,1765.8,285.2
2026-06-21T07:35:00Z,1785.8,288.5
2026-06-21T07:36:00Z,1805.9,291.7
2026-06-21T07:37:00Z,1826.0,295.0
2026-06-21T07:38:00Z,1846.2,298.2
2026-06-21T07:39:00Z,1866.4,301.5
2026-06-21T07:40:00Z,1886.6,304.8
2026-06-21T07:41:00Z,1906.9,308.0
2026-06-21T07:42:00Z,1927.2,311.3
2026-06-21T07:43:00Z,1947.5,314.6
2026-06-21T07:44:00Z,1967.9,317.9
2026-06-21T07:45:00Z,1988.3,321.2
2026-06-21T07:46:00Z,2008.8,324.5
2026-06-21T07:47:00Z,2029.2,327.8
2026-06-21T07:48:00Z,2049.8,331.1
2026-06-21T07:49:00Z,2070.3,334.4
2026-06-21T07:50:00Z,2090.9,337.8
2026-06-21T07:51:00Z,2111.5,341.1
2026-06-21T07:52:00Z,2132.1,344.4
2026-06-21T07:53:00Z,2152.8,347.8
2026-06-21T07:54:00Z,2173.5,351.1
2026-06-21T07:55:00Z,2194.2,354.4
2026-06-21T07:56:00Z,2214.9,357.8
2026-06-21T07:57:00Z,2235.7,361.1
2026-06-21T07:58:00Z,2256.5,364.5
2026-06-21T07:59:00Z,2277.3,367.9
2026-06-21T08:00:00Z,2298.1,371.2
2026-06-21T08:01:00Z,2318.9,374.6
2026-06-21T08:02:00Z,2339.8,378.0
2026-06-21T08:03:00Z,2360.7,381.3
2026-06-21T08:04:00Z,2381.6,384.7
2026-06-21T08:05:00Z,2402.5,388.1
2026-06-21T08:06:00Z,2423.5,391.5
2026-06-21T08:07:00Z,2444.5,394.9
2026-06-21T08:08:00Z,2465.4,398.3
2026-06-21T08:09:00Z,2486.4,401.7
2026-06-21T08:10:00Z,2507.4,405.0
2026-06-21T08:11:00Z,2528.4,408.4
2026-06-21T08:12:00Z,2549.5,411.8
2026-06-21T08:13:00Z,2570.5,415.2
2026-06-21T08:14:00Z,2591.6,418.6
2026-06-21T08:15:00Z,2612.6,422.0
2026-06-21T08:16:00Z,2633.7,425.4
2026-06-21T08:17:00Z,2654.8,428.8
2026-06-21T08:18:00Z,2675.9,432.3
2026-06-21T08:19:00Z,2696.9,435.7
2026-06-21T08:20:00Z,2718.0,439.1
2026-06-21T08:21:00Z,2739.1,442.5
2026-06-21T08:22:00Z,2760.2,445.9
2026-06-21T08:23:00Z,2781.4,449.3
2026-06-21T08:24:00Z,2802.5,452.7
2026-06-21T08:25:00Z,2823.6,456.1
2026-06-21T08:26:00Z,2844.7,459.5
2026-06-21T08:27:00Z,2865.8,462.9
2026-06-21T08:28:00Z,2886.9,466.3
2026-06-21T08:29:00Z,2908.0,469.8
2026-06-21T08:30:00Z,2929.1,473.2
2026-06-21T08:31:00Z,2950.3,476.6
2026-06-21T08:32:00Z,2971.4,480.0
2026-06-21T08:33:00Z,2992.5,483.4
2026-06-21T08:34:00Z,3013.6,486.8
2026-06-21T08:35:00Z,3034.6,490.2
2026-06-21T08:36:00Z,3055.7,493.6
2026-06-21T08:37:00Z,3076.8,497.0
2026-06-21T08:38:00Z,3097.9,500.4
2026-06-21T08:39:00Z,3118.9,503.8
2026-06-21T08:40:00Z,3140.0,507.2
2026-06-21T08:41:00Z,3161.0,510.6
2026-06-21T08:42:00Z,3182.0,514.0
2026-06-21T08:43:00Z,3203.1,517.4
2026-06-21T08:44:00Z,3224.1,520.8
2026-06-21T08:45:00Z,3245.0,524.2
2026-06-21T08:46:00Z,3266.0,527.6
2026-06-21T08:47:00Z,3287.0,531.0
2026-06-21T08:48:00Z,3307.9,534.4
2026-06-21T08:49:00Z,3328.9,537.7
2026-06-21T08:50:00Z,3349.8,541.1
2026-06-21T08:51:00Z,3370.7,544.5
2026-06-21T08:52:00Z,3391.5,547.9
2026-06-21T08:53:00Z,3412.4,551.2
2026-06-21T08:54:00Z,3433.2,554.6
2026-06-21T08:55:00Z,3454.0,558.0
2026-06-21T08:56:00Z,3474.8,561.3
2026-06-21T08:57:00Z,3495.6,564.7
2026-06-21T08:58:00Z,3516.4,568.0
2026-06-21T08:59:00Z,3537.1,571.4
2026-06-21T09:00:00Z,3557.8,574.7
2026-06-21T09:01:00Z,3578.5,578.1
2026-06-21T09:02:00Z,3599.1,581.4
2026-06-21T09:03:00Z,3619.7,584.7
2026-06-21T09:04:00Z,3640.3,588.1
2026-06-21T09:05:00Z,3660.9,591.4
2026-06-21T09:06:00Z,3681.4,594.7
2026-06-21T09:07:00Z,3702.0,598.0
2026-06-21T09:08:00Z,3722.4,601.3
2026-06-21T09:09:00Z,3742.9,604.6
2026-06-21T09:10:00Z,3763.3,607.9
2026-06-21T09:11:00Z,3783.7,611.2
2026-06-21T09:12:00Z,3804.1,614.5
2026-06-21T09:13:00Z,3824.4,617.8
2026-06-21T09:14:00Z,3844.7,621.1
2026-06-21T09:15:00Z,3864.9,624.3
2026-06-21T09:16:00Z,3885.1,627.6
2026-06-21T09:17:00Z,3905.3,630.9
2026-06-21T09:18:00Z,3925.5,634.1
2026-06-21T09:19:00Z,3945.6,637.4
2026-06-21T09:20:00Z,3965.7,640.6
2026-06-21T09:21:00Z,3985.7,643.8
2026-06-21T09:22:00Z,4005.7,647.1
2026-06-21T09:23:00Z,4025.6,650.3
2026-06-21T09:24:00Z,4045.5,653.5
2026-06-21T09:25:00Z,4065.4,656.7
2026-06-21T09:26:00Z,4085.2,659.9
2026-06-21T09:27:00Z,4105.0,663.1
2026-06-21T09:28:00Z,4124.8,666.3
2026-06-21T09:29:00Z,4144.5,669.5
2026-06-21T09:30:00Z,4164.1,672.7
2026-06-21T09:31:00Z,4183.7,675.8
2026-06-21T09:32:00Z,4203.3,679.0
2026-06-21T09:33:00Z,4222.8,682.1
2026-06-21T09:34:00Z,4242.3,685.3
2026-06-21T09:35:00Z,4261.7,688.4
2026-06-21T09:36:00Z,4281.1,691.6
2026-06-21T09:37:00Z,4300.4,694.7
2026-06-21T09:38:00Z,4319.7,697.8
2026-06-21T09:39:00Z,4338.9,700.9
2026-06-21T09:40:00Z,4358.1,704.0
2026-06-21T09:41:00Z,4377.2,707.1
2026-06-21T09:42:00Z,4396.3,710.2
2026-06-21T09:43:00Z,4415.3,713.2
2026-06-21T09:44:00Z,4434.2,716.3
2026-06-21T09:45:00Z,4453.1,719.4
2026-06-21T09:46:00Z,4472.0,722.4
2026-06-21T09:47:00Z,4490.8,725.4
2026-06-21T09:48:00Z,4509.5,728.5
2026-06-21T09:49:00Z,4528.2,731.5
2026-06-21T09:50:00Z,4546.9,734.5
2026-06-21T09:51:00Z,4565.4,737.5
2026-06-21T09:52:00Z,4583.9,740.5
2026-06-21T09:53:00Z,4602.4,743.5
2026-06-21T09:54:00Z,4620.8,746.4
2026-06-21T09:55:00Z,4639.1,749.4
2026-06-21T09:56:00Z,4657.4,752.3
2026-06-21T09:57:00Z,4675.6,755.3
2026-06-21T09:58:00Z,4693.8,758.2
2026-06-21T09:59:00Z,4711.9,761.1
2026-06-21T10:00:00Z,4729.9,764.1
2026-06-21T10:01:00Z,4747.8,767.0
2026-06-21T10:02:00Z,4765.7,769.8
2026-06-21T10:03:00Z,4783.6,772.7
2026-06-21T10:04:00Z,4801.3,775.6
2026-06-21T10:05:00Z,4819.0,778.5
2026-06-21T10:06:00Z,4836.7,781.3
2026-06-21T10:07:00Z,4854.2,784.1
2026-06-21T10:08:00Z,4871.7,787.0
2026-06-21T10:09:00Z,4889.2,789.8
2026-06-21T10:10:00Z,4906.5,792.6
2026-06-21T10:11:00Z,4923.8,795.4
2026-06-21T10:12:00Z,4941.1,798.2
2026-06-21T10:13:00Z,4958.2,800.9
2026-06-21T10:14:00Z,4975.3,803.7
2026-06-21T10:15:00Z,4992.3,806.4
2026-06-21T10:16:00Z,5009.2,809.2
2026-06-21T10:17:00Z,5026.1,811.9
2026-06-21T10:18:00Z,5042.9,814.6
2026-06-21T10:19:00Z,5059.6,817.3
2026-06-21T10:20:00Z,5076.3,820.0
2026-06-21T10:21:00Z,5092.8,822.7
2026-06-21T10:22:00Z,5109.3,825.4
2026-06-21T10:23:00Z,5125.7,828.0
2026-06-21T10:24:00Z,5142.1,830.6
2026-06-21T10:25:00Z,5158.4,833.3
2026-06-21T10:26:00Z,5174.6,835.9
2026-06-21T10:27:00Z,5190.7,838.5
2026-06-21T10:28:00Z,5206.7,841.1
2026-06-21T10:29:00Z,5222.7,843.7
2026-06-21T10:30:00Z,5238.5,846.2
2026-06-21T10:31:00Z,5254.3,848.8
2026-06-21T10:32:00Z,5270.0,851.3
2026-06-21T10:33:00Z,5285.7,853.8
2026-06-21T10:34:00Z,5301.2,856.4
2026-06-21T10:35:00Z,5316.7,858.9
2026-06-21T10:36:00Z,5332.1,861.3
2026-06-21T10:37:00Z,5347.4,863.8
2026-06-21T10:38:00Z,5362.6,866.3
2026-06-21T10:39:00Z,5377.8,868.7
2026-06-21T10:40:00Z,5392.8,871.1
2026-06-21T10:41:00Z,5407.8,873.6
2026-06-21T10:42:00Z,5422.7,876.0
2026-06-21T10:43:00Z,5437.5,878.4
2026-06-21T10:44:00Z,5452.2,880.7
2026-06-21T10:45:00Z,5466.8,883.1
2026-06-21T10:46:00Z,5481.4,885.5
2026-06-21T10:47:00Z,5495.8,887.8
2026-06-21T10:48:00Z,5510.2,890.1
2026-06-21T10:49:00Z,5524.5,892.4
2026-06-21T10:50:00Z,5538.6,894.7
2026-06-21T10:51:00Z,5552.7,897.0
2026-06-21T10:52:00Z,5566.8,899.2
2026-06-21T10:53:00Z,5580.7,901.5
2026-06-21T10:54:00Z,5594.5,903.7
2026-06-21T10:55:00Z,5608.2,905.9
2026-06-21T10:56:00Z,5621.9,908.2
2026-06-21T10:57:00Z,5635.4,910.3
2026-06-21T10:58:00Z,5648.9,912.5
2026-06-21T10:59:00Z,5662.3,914.7
2026-06-21T11:00:00Z,5675.6,916.8
2026-06-21T11:01:00Z,5688.7,919.0
2026-06-21T11:02:00Z,5701.8,921.1
2026-06-21T11:03:00Z,5714.8,923.2
2026-06-21T11:04:00Z,5727.7,925.2
2026-06-21T11:05:00Z,5740.5,927.3
2026-06-21T11:06:00Z,5753.2,929.4
2026-06-21T11:07:00Z,5765.9,931.4
2026-06-21T11:08:00Z,5778.4,933.4
2026-06-21T11:09:00Z,5790.8,935.4
2026-06-21T11:10:00Z,5803.1,937.4
2026-06-21T11:11:00Z,5815.4,939.4
2026-06-21T11:12:00Z,5827.5,941.4
2026-06-21T11:13:00Z,5839.5,943.3
2026-06-21T11:14:00Z,5851.5,945.2
2026-06-21T11:15:00Z,5863.3,947.1
2026-06-21T11:16:00Z,5875.0,949.0
2026-06-21T11:17:00Z,5886.7,950.9
2026-06-21T11:18:00Z,5898.2,952.8
2026-06-21T11:19:00Z,5909.6,954.6
2026-06-21T11:20:00Z,5921.0,956.5
2026-06-21T11:21:00Z,5932.2,958.3
2026-06-21T11:22:00Z,5943.3,960.1
2026-06-21T11:23:00Z,5954.4,961.9
2026-06-21T11:24:00Z,5965.3,963.6
2026-06-21T11:25:00Z,5976.1,965.4
2026-06-21T11:26:00Z,5986.8,967.1
2026-06-21T11:27:00Z,5997.5,968.8
2026-06-21T11:28:00Z,6008.0,970.5
2026-06-21T11:29:00Z,6018.4,972.2
2026-06-21T11:30:00Z,6028.7,973.9
2026-06-21T11:31:00Z,6038.9,975.5
2026-06-21T11:32:00Z,6049.0,977.1
2026-06-21T11:33:00Z,6059.0,978.8
2026-06-21T11:34:00Z,6068.9,980.4
2026-06-21T11:35:00Z,6078.7,981.9
2026-06-21T11:36:00Z,6088.3,983.5
2026-06-21T11:37:00Z,6097.9,985.0
2026-06-21T11:38:00Z,6107.4,986.6
2026-06-21T11:39:00Z,6116.7,988.1
2026-06-21T11:40:00Z,6126.0,989.6
2026-06-21T11:41:00Z,6135.1,991.1
2026-06-21T11:42:00Z,6144.2,992.5
2026-06-21T11:43:00Z,6153.1,994.0
2026-06-21T11:44:00Z,6161.9,995.4
2026-06-21T11:45:00Z,6170.6,996.8
2026-06-21T11:46:00Z,6179.2,998.2
2026-06-21T11:47:00Z,6187.7,999.6
2026-06-21T11:48:00Z,6196.1,1000.9
2026-06-21T11:49:00Z,6204.4,1002.2
2026-06-21T11:50:00Z,6212.5,1003.6
2026-06-21T11:51:00Z,6220.6,1004.9
2026-06-21T11:52:00Z,6228.5,1006.1
2026-06-21T11:53:00Z,6236.4,1007.4
2026-06-21T11:54:00Z,6244.1,1008.7
2026-06-21T11:55:00Z,6251.7,1009.9
2026-06-21T11:56:00Z,6259.2,1011.1
2026-06-21T11:57:00Z,6266.6,1012.3
2026-06-21T11:58:00Z,6273.9,1013.5
2026-06-21T11:59:00Z,6281.1,1014.6
2026-06-21T12:00:00Z,6288.1,1015.8
2026-06-21T12:01:00Z,6295.0,1016.9
2026-06-21T12:02:00Z,6301.9,1018.0
2026-06-21T12:03:00Z,6308.6,1019.1
2026-06-21T12:04:00Z,6315.2,1020.1
2026-06-21T12:05:00Z,6321.7,1021.2
2026-06-21T12:06:00Z,6328.1,1022.2
2026-06-21T12:07:00Z,6334.3,1023.2
2026-06-21T12:08:00Z,6340.5,1024.2
2026-06-21T12:09:00Z,6346.5,1025.2
2026-06-21T12:10:00Z,6352.4,1026.2
2026-06-21T12:11:00Z,6358.2,1027.1
2026-06-21T12:12:00Z,6363.9,1028.0
2026-06-21T12:13:00Z,6369.5,1028.9
2026-06-21T12:14:00Z,6375.0,1029.8
2026-06-21T12:15:00Z,6380.3,1030.7
2026-06-21T12:16:00Z,6385.6,1031.5
2026-06-21T12:17:00Z,6390.7,1032.3
2026-06-21T12:18:00Z,6395.7,1033.1
2026-06-21T12:19:00Z,6400.6,1033.9
2026-06-21T12:20:00Z,6405.3,1034.7
2026-06-21T12:21:00Z,6410.0,1035.5
2026-06-21T12:22:00Z,6414.5,1036.2
2026-06-21T12:23:00Z,6419.0,1036.9
2026-06-21T12:24:00Z,6423.3,1037.6
2026-06-21T12:25:00Z,6427.5,1038.3
2026-06-21T12:26:00Z,6431.5,1038.9
2026-06-21T12:27:00Z,6435.5,1039.6
2026-06-21T12:28:00Z,6439.3,1040.2
2026-06-21T12:29:00Z,6443.1,1040.8
2026-06-21T12:30:00Z,6446.7,1041.4
2026-06-21T12:31:00Z,6450.2,1041.9
2026-06-21T12:32:00Z,6453.5,1042.5
2026-06-21T12:33:00Z,6456.8,1043.0
2026-06-21T12:34:00Z,6459.9,1043.5
2026-06-21T12:35:00Z,6462.9,1044.0
2026-06-21T12:36:00Z,6465.8,1044.5
2026-06-21T12:37:00Z,6468.6,1044.9
2026-06-21T12:38:00Z,6471.3,1045.4
2026-06-21T12:39:00Z,6473.8,1045.8
2026-06-21T12:40:00Z,6476.3,1046.2
2026-06-21T12:41:00Z,6478.6,1046.5
2026-06-21T12:42:00Z,6480.8,1046.9
2026-06-21T12:43:00Z,6482.8,1047.2
2026-06-21T12:44:00Z,6484.8,1047.5
2026-06-21T12:45:00Z,6486.6,1047.8
2026-06-21T12:46:00Z,6488.4,1048.1
2026-06-21T12:47:00Z,6490.0,1048.4
2026-06-21T12:48:00Z,6491.4,1048.6
2026-06-21T12:49:00Z,6492.8,1048.8
2026-06-21T12:50:00Z,6494.1,1049.0
2026-06-21T12:51:00Z,6495.2,1049.2
2026-06-21T12:52:00Z,6496.2,1049.4
2026-06-21T12:53:00Z,6497.1,1049.5
2026-06-21T12:54:00Z,6497.9,1049.7
2026-06-21T12:55:00Z,6498.5,1049.8
2026-06-21T12:56:00Z,6499.0,1049.8
2026-06-21T12:57:00Z,6499.5,1049.9
2026-06-21T12:58:00Z,6499.8,1050.0
2026-06-21T12:59:00Z,6499.9,1050.0
2026-06-21T13:00:00Z,6500.0,1050.0
2026-06-21T13:01:00Z,6499.9,1050.0
2026-06-21T13:02:00Z,6499.8,1050.0
2026-06-21T13:03:00Z,6499.5,1049.9
2026-06-21T13:04:00Z,6499.0,1049.8
2026-06-21T13:05:00Z,6498.5,1049.8
2026-06-21T13:06:00Z,6497.9,1049.7
2026-06-21T13:07:00Z,6497.1,1049.5
2026-06-21T13:08:00Z,6496.2,1049.4
2026-06-21T13:09:00Z,6495.2,1049.2
2026-06-21T13:10:00Z,6494.1,1049.0
2026-06-21T13:11:00Z,6492.8,1048.8
2026-06-21T13:12:00Z,6491.4,1048.6
2026-06-21T13:13:00Z,6490.0,1048.4
2026-06-21T13:14:00Z,6488.4,1048.1
2026-06-21T13:15:00Z,6486.6,1047.8
2026-06-21T13:16:00Z,6484.8,1047.5
2026-06-21T13:17:00Z,6482.8,1047.2
2026-06-21T13:18:00Z,6480.8,1046.9
2026-06-21T13:19:00Z,6478.6,1046.5
2026-06-21T13:20:00Z,6476.3,1046.2
2026-06-21T13:21:00Z,6473.8,1045.8
2026-06-21T13:22:00Z,6471.3,1045.4
2026-06-21T13:23:00Z,6468.6,1044.9
2026-06-21T13:24:00Z,6465.8,1044.5
2026-06-21T13:25:00Z,6462.9,1044.0
2026-06-21T13:26:00Z,6459.9,1043.5
2026-06-21T13:27:00Z,6456.8,1043.0
2026-06-21T13:28:00Z,6453.5,1042.5
2026-06-21T13:29:00Z,6450.2,1041.9
2026-06-21T13:30:00Z,6446.7,1041.4
2026-06-21T13:31:00Z,6443.1,1040.8
2026-06-21T13:32:00Z,6439.3,1040.2
2026-06-21T13:33:00Z,6435.5,1039.6
2026-06-21T13:34:00Z,6431.5,1038.9
2026-06-21T13:35:00Z,6427.5,1038.3
2026-06-21T13:36:00Z,6423.3,1037.6
2026-06-21T13:37:00Z,6419.0,1036.9
2026-06-21T13:38:00Z,6414.5,1036.2
2026-06-21T13:39:00Z,6410.0,1035.5
2026-06-21T13:40:00Z,6405.3,1034.7
2026-06-21T13:41:00Z,6400.6,1033.9
2026-06-21T13:42:00Z,6395.7,1033.1
2026-06-21T13:43:00Z,6390.7,1032.3
2026-06-21T13:44:00Z,6385.6,1031.5
2026-06-21T13:45:00Z,6380.3,1030.7
2026-06-21T13:46:00Z,6375.0,1029.8
2026-06-21T13:47:00Z,6369.5,1028.9
2026-06-21T13:48:00Z,6363.9,1028.0
2026-06-21T13:49:00Z,6358.2,1027.1
2026-06-21T13:50:00Z,6352.4,1026.2
2026-06-21T13:51:00Z,6346.5,1025.2
2026-06-21T13:52:00Z,6340.5,1024.2
2026-06-21T13:53:00Z,6334.3,1023.2
2026-06-21T13:54:00Z,6328.1,1022.2
2026-06-21T13:55:00Z,6321.7,1021.2
2026-06-21T13:56:00Z,6315.2,1020.1
2026-06-21T13:57:00Z,6308.6,1019.1
2026-06-21T13:58:00Z,6301.9,1018.0
2026-06-21T13:59:00Z,6295.0,1016.9
2026-06-21T14:00:00Z,6288.1,1015.8
2026-06-21T14:01:00Z,6281.1,1014.6
2026-06-21T14:02:00Z,6273.9,1013.5
2026-06-21T14:03:00Z,6266.6,1012.3
2026-06-21T14:04:00Z,6259.2,1011.1
2026-06-21T14:05:00Z,6251.7,1009.9
2026-06-21T14:06:00Z,6244.1,1008.7
2026-06-21T14:07:00Z,6236.4,1007.4
2026-06-21T14:08:00Z,6228.5,1006.1
2026-06-21T14:09:00Z,6220.6,1004.9
2026-06-21T14:10:00Z,6212.5,1003.6
2026-06-21T14:11:00Z,6204.4,1002.2
2026-06-21T14:12:00Z,6196.1,1000.9
2026-06-21T14:13:00Z,6187.7,999.6
2026-06-21T14:14:00Z,6179.2,998.2
2026-06-21T14:15:00Z,6170.6,996.8
2026-06-21T14:16:00Z,6161.9,995.4
2026-06-21T14:17:00Z,6153.1,994.0
2026-06-21T14:18:00Z,6144.2,992.5
2026-06-21T14:19:00Z,6135.1,991.1
2026-06-21T14:20:00Z,6126.0,989.6
2026-06-21T14:21:00Z,6116.7,988.1
2026-06-21T14:22:00Z,6107.4,986.6
2026-06-21T14:23:00Z,6097.9,985.0
2026-06-21T14:24:00Z,6088.3,983.5
2026-06-21T14:25:00Z,6078.7,981.9
2026-06-21T14:26:00Z,6068.9,980.4
2026-06-21T14:27:00Z,6059.0,978.8
2026-06-21T14:28:00Z,6049.0,977.1
2026-06-21T14:29:00Z,6038.9,975.5
2026-06-21T14:30:00Z,6028.7,973.9
2026-06-21T14:31:00Z,6018.4,972.2
2026-06-21T14:32:00Z,6008.0,970.5
2026-06-21T14:33:00Z,5997.5,968.8
2026-06-21T14:34:00Z,5986.8,967.1
2026-06-21T14:35:00Z,5976.1,965.4
2026-06-21T14:36:00Z,5965.3,963.6
2026-06-21T14:37:00Z,5954.4,961.9
2026-06-21T14:38:00Z,5943.3,960.1
2026-06-21T14:39:00Z,5932.2,958.3
2026-06-21T14:40:00Z,5921.0,956.5
2026-06-21T14:41:00Z,5909.6,954.6
2026-06-21T14:42:00Z,5898.2,952.8
2026-06-21T14:43:00Z,5886.7,950.9
2026-06-21T14:44:00Z,5875.0,949.0
2026-06-21T14:45:00Z,5863.3,947.1
2026-06-21T14:46:00Z,5851.5,945.2
2026-06-21T14:47:00Z,5839.5,943.3
2026-06-21T14:48:00Z,5827.5,941.4
2026-06-21T14:49:00Z,5815.4,939.4
2026-06-21T14:50:00Z,5803.1,937.4
2026-06-21T14:51:00Z,5790.8,935.4
2026-06-21T14:52:00Z,5778.4,933.4
2026-06-21T14:53:00Z,5765.9,931.4
2026-06-21T14:54:00Z,5753.2,929.4
2026-06-21T14:55:00Z,5740.5,927.3
2026-06-21T14:56:00Z,5727.7,925.2
2026-06-21T14:57:00Z,5714.8,923.2
2026-06-21T14:58:00Z,5701.8,921.1
2026-06-21T14:59:00Z,5688.7,919.0
2026-06-21T15:00:00Z,5675.6,916.8
2026-06-21T15:01:00Z,5662.3,914.7
2026-06-21T15:02:00Z,5648.9,912.5
2026-06-21T15:03:00Z,5635.4,910.3
2026-06-21T15:04:00Z,5621.9,908.2
2026-06-21T15:05:00Z,5608.2,905.9
2026-06-21T15:06:00Z,5594.5,903.7
2026-06-21T15:07:00Z,5580.7,901.5
2026-06-21T15:08:00Z,5566.8,899.2
2026-06-21T15:09:00Z,5552.7,897.0
2026-06-21T15:10:00Z,5538.6,894.7
2026-06-21T15:11:00Z,5524.5,892.4
2026-06-21T15:12:00Z,5510.2,890.1
2026-06-21T15:13:00Z,5495.8,887.8
2026-06-21T15:14:00Z,5481.4,885.5
2026-06-21T15:15:00Z,5466.8,883.1
2026-06-21T15:16:00Z,5452.2,880.7
2026-06-21T15:17:00Z,5437.5,878.4
2026-06-21T15:18:00Z,5422.7,876.0
2026-06-21T15:19:00Z,5407.8,873.6
2026-06-21T15:20:00Z,5392.8,871.1
2026-06-21T15:21:00Z,5377.8,868.7
2026-06-21T15:22:00Z,5362.6,866.3
2026-06-21T15:23:00Z,5347.4,863.8
2026-06-21T15:24:00Z,5332.1,861.3
2026-06-21T15:25:00Z,5316.7,858.9
2026-06-21T15:26:00Z,5301.2,856.4
2026-06-21T15:27:00Z,5285.7,853.8
2026-06-21T15:28:00Z,5270.0,851.3
2026-06-21T15:29:00Z,5254.3,848.8
2026-06-21T15:30:00Z,5238.5,846.2
2026-06-21T15:31:00Z,5222.7,843.7
2026-06-21T15:32:00Z,5206.7,841.1
2026-06-21T15:33:00Z,5190.7,838.5
2026-06-21T15:34:00Z,5174.6,835.9
2026-06-21T15:35:00Z,5158.4,833.3
2026-06-21T15:36:00Z,5142.1,830.6
2026-06-21T15:37:00Z,5125.7,828.0
2026-06-21T15:38:00Z,5109.3,825.4
2026-06-21T15:39:00Z,5092.8,822.7
2026-06-21T15:40:00Z,5076.3,820.0
2026-06-21T15:41:00Z,5059.6,817.3
2026-06-21T15:42:00Z,5042.9,814.6
2026-06-21T15:43:00Z,5026.1,811.9
2026-06-21T15:44:00Z,5009.2,809.2
2026-06-21T15:45:00Z,4992.3,806.4
2026-06-21T15:46:00Z,4975.3,803.7
2026-06-21T15:47:00Z,4958.2,800.9
2026-06-21T15:48:00Z,4941.1,798.2
2026-06-21T15:49:00Z,4923.8,795.4
2026-06-21T15:50:00Z,4906.5,792.6
2026-06-21T15:51:00Z,4889.2,789.8
2026-06-21T15:52:00Z,4871.7,787.0
2026-06-21T15:53:00Z,4854.2,784.1
2026-06-21T15:54:00Z,4836.7,781.3
2026-06-21T15:55:00Z,4819.0,778.5
2026-06-21T15:56:00Z,4801.3,775.6
2026-06-21T15:57:00Z,4783.6,772.7
2026-06-21T15:58:00Z,4765.7,769.8
2026-06-21T15:59:00Z,4747.8,767.0
2026-06-21T16:00:00Z,4729.9,764.1
2026-06-21T16:01:00Z,4711.9,761.1
2026-06-21T16:02:00Z,4693.8,758.2
2026-06-21T16:03:00Z,4675.6,755.3
2026-06-21T16:04:00Z,4657.4,752.3
2026-06-21T16:05:00Z,4639.1,749.4
2026-06-21T16:06:00Z,4620.8,746.4
2026-06-21T16:07:00Z,4602.4,743.5
2026-06-21T16:08:00Z,4583.9,740.5
2026-06-21T16:09:00Z,4565.4,737.5
2026-06-21T16:10:00Z,4546.9,734.5
2026-06-21T16:11:00Z,4528.2,731.5
2026-06-21T16:12:00Z,4509.5,728.5
2026-06-21T16:13:00Z,4490.8,725.4
2026-06-21T16:14:00Z,4472.0,722.4
2026-06-21T16:15:00Z,4453.1,719.4
2026-06-21T16:16:00Z,4434.2,716.3
2026-06-21T16:17:00Z,4415.3,713.2
2026-06-21T16:18:00Z,4396.3,710.2
2026-06-21T16:19:00Z,4377.2,707.1
2026-06-21T16:20:00Z,4358.1,704.0
2026-06-21T16:21:00Z,4338.9,700.9
2026-06-21T16:22:00Z,4319.7,697.8
2026-06-21T16:23:00Z,4300.4,694.7
2026-06-21T16:24:00Z,4281.1,691.6
2026-06-21T16:25:00Z,4261.7,688.4
2026-06-21T16:26:00Z,4242.3,685.3
2026-06-21T16:27:00Z,4222.8,682.1
2026-06-21T16:28:00Z,4203.3,679.0
2026-06-21T16:29:00Z,4183.7,675.8
2026-06-21T16:30:00Z,4164.1,672.7
2026-06-21T16:31:00Z,4144.5,669.5
2026-06-21T16:32:00Z,4124.8,666.3
2026-06-21T16:33:00Z,4105.0,663.1
2026-06-21T16:34:00Z,4085.2,659.9
2026-06-21T16:35:00Z,4065.4,656.7
2026-06-21T16:36:00Z,4045.5,653.5
2026-06-21T16:37:00Z,4025.6,650.3
2026-06-21T16:38:00Z,4005.7,647.1
2026-06-21T16:39:00Z,3985.7,643.8
2026-06-21T16:40:00Z,3965.7,640.6
2026-06-21T16:41:00Z,3945.6,637.4
2026-06-21T16:42:00Z,3925.5,634.1
2026-06-21T16:43:00Z,3905.3,630.9
2026-06-21T16:44:00Z,3885.1,627.6
2026-06-21T16:45:00Z,3864.9,624.3
2026-06-21T16:46:00Z,3844.7,621.1
2026-06-21T16:47:00Z,3824.4,617.8
2026-06-21T16:48:00Z,3804.1,614.5
2026-06-21T16:49:00Z,3783.7,611.2
2026-06-21T16:50:00Z,3763.3,607.9
2026-06-21T16:51:00Z,3742.9,604.6
2026-06-21T16:52:00Z,3722.4,601.3
2026-06-21T16:53:00Z,3702.0,598.0
2026-06-21T16:54:00Z,3681.4,594.7
2026-06-21T16:55:00Z,3660.9,591.4
2026-06-21T16:56:00Z,3640.3,588.1
2026-06-21T16:57:00Z,3619.7,584.7
2026-06-21T16:58:00Z,3599.1,581.4
2026-06-21T16:59:00Z,3578.5,578.1
2026-06-21T17:00:00Z,3557.8,574.7
2026-06-21T17:01:00Z,3537.1,571.4
2026-06-21T17:02:00Z,3516.4,568.0
2026-06-21T17:03:00Z,3495.6,564.7
2026-06-21T17:04:00Z,3474.8,561.3
2026-06-21T17:05:00Z,3454.0,558.0
2026-06-21T17:06:00Z,3433.2,554.6
2026-06-21T17:07:00Z,3412.4,551.2
2026-06-21T17:08:00Z,3391.5,547.9
2026-06-21T17:09:00Z,3370.7,544.5
2026-06-21T17:10:00Z,3349.8,541.1
2026-06-21T17:11:00Z,3328.9,537.7
2026-06-21T17:12:00Z,3307.9,534.4
2026-06-21T17:13:00Z,3287.0,531.0
2026-06-21T17:14:00Z,3266.0,527.6
2026-06-21T17:15:00Z,3245.0,524.2
2026-06-21T17:16:00Z,3224.1,520.8
2026-06-21T17:17:00Z,3203.1,517.4
2026-06-21T17:18:00Z,3182.0,514.0
2026-06-21T17:19:00Z,3161.0,510.6
2026-06-21T17:20:00Z,3140.0,507.2
2026-06-21T17:21:00Z,3118.9,503.8
2026-06-21T17:22:00Z,3097.9,500.4
2026-06-21T17:23:00Z,3076.8,497.0
2026-06-21T17:24:00Z,3055.7,493.6
2026-06-21T17:25:00Z,3034.6,490.2
2026-06-21T17:26:00Z,3013.6,486.8
2026-06-21T17:27:00Z,2992.5,483.4
2026-06-21T17:28:00Z,2971.4,480.0
2026-06-21T17:29:00Z,2950.3,476.6
2026-06-21T17:30:00Z,2929.1,473.2
2026-06-21T17:31:00Z,2908.0,469.8
2026-06-21T17:32:00Z,2886.9,466.3
2026-06-21T17:33:00Z,2865.8,462.9
2026-06-21T17:34:00Z,2844.7,459.5
2026-06-21T17:35:00Z,2823.6,456.1
2026-06-21T17:36:00Z,2802.5,452.7
2026-06-21T17:37:00Z,2781.4,449.3
2026-06-21T17:38:00Z,2760.2,445.9
2026-06-21T17:39:00Z,2739.1,442.5
2026-06-21T17:40:00Z,2718.0,439.1
2026-06-21T17:41:00Z,2696.9,435.7
2026-06-21T17:42:00Z,2675.9,432.3
2026-06-21T17:43:00Z,2654.8,428.8
2026-06-21T17:44:00Z,2633.7,425.4
2026-06-21T17:45:00Z,2612.6,422.0
2026-06-21T17:46:00Z,2591.6,418.6
2026-06-21T17:47:00Z,2570.5,415.2
2026-06-21T17:48:00Z,2549.5,411.8
2026-06-21T17:49:00Z,2528.4,408.4
2026-06-21T17:50:00Z,2507.4,405.0
2026-06-21T17:51:00Z,2486.4,401.7
2026-06-21T17:52:00Z,2465.4,398.3
2026-06-21T17:53:00Z,2444.5,394.9
2026-06-21T17:54:00Z,2423.5,391.5
2026-06-21T17:55:00Z,2402.5,388.1
2026-06-21T17:56:00Z,2381.6,384.7
2026-06-21T17:57:00Z,2360.7,381.3
2026-06-21T17:58:00Z,2339.8,378.0
2026-06-21T17:59:00Z,2318.9,374.6
2026-06-21T18:00:00Z,2298.1,371.2
2026-06-21T18:01:00Z,2277.3,367.9
2026-06-21T18:02:00Z,2256.5,364.5
2026-06-21T18:03:00Z,2235.7,361.1
2026-06-21T18:04:00Z,2214.9,357.8
2026-06-21T18:05:00Z,2194.2,354.4
2026-06-21T18:06:00Z,2173.5,351.1
2026-06-21T18:07:00Z,2152.8,347.8
2026-06-21T18:08:00Z,2132.1,344.4
2026-06-21T18:09:00Z,2111.5,341.1
2026-06-21T18:10:00Z,2090.9,337.8
2026-06-21T18:11:00Z,2070.3,334.4
2026-06-21T18:12:00Z,2049.8,331.1
2026-06-21T18:13:00Z,2029.2,327.8
2026-06-21T18:14:00Z,2008.8,324.5
2026-06-21T18:15:00Z,1988.3,321.2
2026-06-21T18:16:00Z,1967.9,317.9
2026-06-21T18:17:00Z,1947.5,314.6
2026-06-21T18:18:00Z,1927.2,311.3
2026-06-21T18:19:00Z,1906.9,308.0
2026-06-21T18:20:00Z,1886.6,304.8
2026-06-21T18:21:00Z,1866.4,301.5
2026-06-21T18:22:00Z,1846.2,298.2
2026-06-21T18:23:00Z,1826.0,295.0
2026-06-21T18:24:00Z,1805.9,291.7
2026-06-21T18:25:00Z,1785.8,288.5
2026-06-21T18:26:00Z,1765.8,285.2
2026-06-21T18:27:00Z,1745.8,282.0
2026-06-21T18:28:00Z,1725.9,278.8
2026-06-21T18:29:00Z,1706.0,275.6
2026-06-21T18:30:00Z,1686.1,272.4
2026-06-21T18:31:00Z,1666.3,269.2
2026-06-21T18:32:00Z,1646.5,266.0
2026-06-21T18:33:00Z,1626.8,262.8
2026-06-21T18:34:00Z,1607.2,259.6
2026-06-21T18:35:00Z,1587.6,256.5
2026-06-21T18:36:00Z,1568.0,253.3
2026-06-21T18:37:00Z,1548.5,250.1
2026-06-21T18:38:00Z,1529.0,247.0
2026-06-21T18:39:00Z,1509.7,243.9
2026-06-21T18:40:00Z,1490.3,240.7
2026-06-21T18:41:00Z,1471.0,237.6
2026-06-21T18:42:00Z,1451.8,234.5
2026-06-21T18:43:00Z,1432.6,231.4
2026-06-21T18:44:00Z,1413.5,228.3
2026-06-21T18:45:00Z,1394.5,225.3
2026-06-21T18:46:00Z,1375.5,222.2
2026-06-21T18:47:00Z,1356.5,219.1
2026-06-21T18:48:00Z,1337.7,216.1
2026-06-21T18:49:00Z,1318.9,213.0
2026-06-21T18:50:00Z,1300.1,210.0
2026-06-21T18:51:00Z,1281.5,207.0
2026-06-21T18:52:00Z,1262.9,204.0
2026-06-21T18:53:00Z,1244.3,201.0
2026-06-21T18:54:00Z,1225.9,198.0
2026-06-21T18:55:00Z,1207.5,195.1
2026-06-21T18:56:00Z,1189.1,192.1
2026-06-21T18:57:00Z,1170.9,189.1
2026-06-21T18:58:00Z,1152.7,186.2
2026-06-21T18:59:00Z,1134.6,183.3
2026-06-21T19:00:00Z,1116.6,180.4
2026-06-21T19:01:00Z,1098.6,177.5
2026-06-21T19:02:00Z,1080.7,174.6
2026-06-21T19:03:00Z,1062.9,171.7
2026-06-21T19:04:00Z,1045.2,168.8
2026-06-21T19:05:00Z,1027.6,166.0
2026-06-21T19:06:00Z,1010.0,163.2
2026-06-21T19:07:00Z,992.5,160.3
2026-06-21T19:08:00Z,975.2,157.5
2026-06-21T19:09:00Z,957.9,154.7
2026-06-21T19:10:00Z,940.6,151.9
2026-06-21T19:11:00Z,923.5,149.2
2026-06-21T19:12:00Z,906.5,146.4
2026-06-21T19:13:00Z,889.5,143.7
2026-06-21T19:14:00Z,872.6,141.0
2026-06-21T19:15:00Z,855.9,138.3
2026-06-21T19:16:00Z,839.2,135.6
2026-06-21T19:17:00Z,822.6,132.9
2026-06-21T19:18:00Z,806.1,130.2
2026-06-21T19:19:00Z,789.7,127.6
2026-06-21T19:20:00Z,773.4,124.9
2026-06-21T19:21:00Z,757.2,122.3
2026-06-21T19:22:00Z,741.2,119.7
2026-06-21T19:23:00Z,725.2,117.1
2026-06-21T19:24:00Z,709.3,114.6
2026-06-21T19:25:00Z,693.5,112.0
2026-06-21T19:26:00Z,677.8,109.5
2026-06-21T19:27:00Z,662.3,107.0
2026-06-21T19:28:00Z,646.8,104.5
2026-06-21T19:29:00Z,631.5,102.0
2026-06-21T19:30:00Z,616.2,99.5
2026-06-21T19:31:00Z,601.1,97.1
2026-06-21T19:32:00Z,586.1,94.7
2026-06-21T19:33:00Z,571.2,92.3
2026-06-21T19:34:00Z,556.4,89.9
2026-06-21T19:35:00Z,541.8,87.5
2026-06-21T19:36:00Z,527.2,85.2
2026-06-21T19:37:00Z,512.8,82.8
2026-06-21T19:38:00Z,498.5,80.5
2026-06-21T19:39:00Z,484.4,78.2
2026-06-21T19:40:00Z,470.3,76.0
2026-06-21T19:41:00Z,456.4,73.7
2026-06-21T19:42:00Z,442.7,71.5
2026-06-21T19:43:00Z,429.0,69.3
2026-06-21T19:44:00Z,415.5,67.1
2026-06-21T19:45:00Z,402.2,65.0
2026-06-21T19:46:00Z,388.9,62.8
2026-06-21T19:47:00Z,375.9,60.7
2026-06-21T19:48:00Z,362.9,58.6
2026-06-21T19:49:00Z,350.1,56.6
2026-06-21T19:50:00Z,337.5,54.5
2026-06-21T19:51:00Z,325.0,52.5
2026-06-21T19:52:00Z,312.6,50.5
2026-06-21T19:53:00Z,300.4,48.5
2026-06-21T19:54:00Z,288.4,46.6
2026-06-21T19:55:00Z,276.5,44.7
2026-06-21T19:56:00Z,264.8,42.8
2026-06-21T19:57:00Z,253.3,40.9
2026-06-21T19:58:00Z,241.9,39.1
2026-06-21T19:59:00Z,230.7,37.3
2026-06-21T20:00:00Z,219.7,35.5
2026-06-21T20:01:00Z,208.8,33.7
2026-06-21T20:02:00Z,198.1,32.0
2026-06-21T20:03:00Z,187.7,30.3
2026-06-21T20:04:00Z,177.4,28.6
2026-06-21T20:05:00Z,167.2,27.0
2026-06-21T20:06:00Z,157.3,25.4
2026-06-21T20:07:00Z,147.6,23.8
2026-06-21T20:08:00Z,138.1,22.3
2026-06-21T20:09:00Z,128.8,20.8
2026-06-21T20:10:00Z,119.8,19.3
2026-06-21T20:11:00Z,110.9,17.9
2026-06-21T20:12:00Z,102.3,16.5
2026-06-21T20:13:00Z,93.9,15.2
2026-06-21T20:14:00Z,85.7,13.8
2026-06-21T20:15:00Z,77.8,12.6
2026-06-21T20:16:00Z,70.2,11.3
2026-06-21T20:17:00Z,62.8,10.1
2026-06-21T20:18:00Z,55.7,9.0
2026-06-21T20:19:00Z,48.9,7.9
2026-06-21T20:20:00Z,42.4,6.8
2026-06-21T20:21:00Z,36.2,5.8
2026-06-21T20:22:00Z,30.3,4.9
2026-06-21T20:23:00Z,24.8,4.0
2026-06-21T20:24:00Z,19.7,3.2
2026-06-21T20:25:00Z,15.0,2.4
2026-06-21T20:26:00Z,10.7,1.7
2026-06-21T20:27:00Z,7.0,1.1
2026-06-21T20:28:00Z,3.8,0.6
2026-06-21T20:29:00Z,1.3,0.2
2026-06-21T20:30:00Z,0.0,0.0
2026-06-21T20:31:00Z,0.0,0.0
2026-06-21T20:32:00Z,0.0,0.0
2026-06-21T20:33:00Z,0.0,0.0
2026-06-21T20:34:00Z,0.0,0.0
2026-06-21T20:35:00Z,0.0,0.0
2026-06-21T20:36:00Z,0.0,0.0
2026-06-21T20:37:00Z,0.0,0.0
2026-06-21T20:38:00Z,0.0,0.0
2026-06-21T20:39:00Z,0.0,0.0
2026-06-21T20:40:00Z,0.0,0.0
2026-06-21T20:41:00Z,0.0,0.0
2026-06-21T20:42:00Z,0.0,0.0
2026-06-21T20:43:00Z,0.0,0.0
2026-06-21T20:44:00Z,0.0,0.0
2026-06-21T20:45:00Z,0.0,0.0
2026-06-21T20:46:00Z,0.0,0.0
2026-06-21T20:47:00Z,0.0,0.0
2026-06-21T20:48:00Z,0.0,0.0
2026-06-21T20:49:00Z,0.0,0.0
2026-06-21T20:50:00Z,0.0,0.0
2026-06-21T20:51:00Z,0.0,0.0
2026-06-21T20:52:00Z,0.0,0.0
2026-06-21T20:53:00Z,0.0,0.0
2026-06-21T20:54:00Z,0.0,0.0
2026-06-21T20:55:00Z,0.0,0.0
2026-06-21T20:56:00Z,0.0,0.0
2026-06-21T20:57:00Z,0.0,0.0
2026-06-21T20:58:00Z,0.0,0.0
2026-06-21T20:59:00Z,0.0,0.0
2026-06-21T21:00:00Z,0.0,0.0
2026-06-21T21:01:00Z,0.0,0.0
2026-06-21T21:02:00Z,0.0,0.0
2026-06-21T21:03:00Z,0.0,0.0
2026-06-21T21:04:00Z,0.0,0.0
2026-06-21T21:05:00Z,0.0,0.0
2026-06-21T21:06:00Z,0.0,0.0
2026-06-21T21:07:00Z,0.0,0.0
2026-06-21T21:08:00Z,0.0,0.0
2026-06-21T21:09:00Z,0.0,0.0
2026-06-21T21:10:00Z,0.0,0.0
2026-06-21T21:11:00Z,0.0,0.0
2026-06-21T21:12:00Z,0.0,0.0
2026-06-21T21:13:00Z,0.0,0.0
2026-06-21T21:14:00Z,0.0,0.0
2026-06-21T21:15:00Z,0.0,0.0
2026-06-21T21:16:00Z,0.0,0.0
2026-06-21T21:17:00Z,0.0,0.0
2026-06-21T21:18:00Z,0.0,0.0
2026-06-21T21:19:00Z,0.0,0.0
2026-06-21T21:20:00Z,0.0,0.0
2026-06-21T21:21:00Z,0.0,0.0
2026-06-21T21:22:00Z,0.0,0.0
2026-06-21T21:23:00Z,0.0,0.0
2026-06-21T21:24:00Z,0.0,0.0
2026-06-21T21:25:00Z,0.0,0.0
2026-06-21T21:26:00Z,0.0,0.0
2026-06-21T21:27:00Z,0.0,0.0
2026-06-21T21:28:00Z,0.0,0.0
2026-06-21T21:29:00Z,0.0,0.0
2026-06-21T21:30:00Z,0.0,0.0
2026-06-21T21:31:00Z,0.0,0.0
2026-06-21T21:32:00Z,0.0,0.0
2026-06-21T21:33:00Z,0.0,0.0
2026-06-21T21:34:00Z,0.0,0.0
2026-06-21T21:35:00Z,0.0,0.0
2026-06-21T21:36:00Z,0.0,0.0
2026-06-21T21:37:00Z,0.0,0.0
2026-06-21T21:38:00Z,0.0,0.0
2026-06-21T21:39:00Z,0.0,0.0
2026-06-21T21:40:00Z,0.0,0.0
2026-06-21T21:41:00Z,0.0,0.0
2026-06-21T21:42:00Z,0.0,0.0
2026-06-21T21:43:00Z,0.0,0.0
2026-06-21T21:44:00Z,0.0,0.0
2026-06-21T21:45:00Z,0.0,0.0
2026-06-21T21:46:00Z,0.0,0.0
2026-06-21T21:47:00Z,0.0,0.0
2026-06-21T21:48:00Z,0.0,0.0
2026-06-21T21:49:00Z,0.0,0.0
2026-06-21T21:50:00Z,0.0,0.0
2026-06-21T21:51:00Z,0.0,0.0
2026-06-21T21:52:00Z,0.0,0.0
2026-06-21T21:53:00Z,0.0,0.0
2026-06-21T21:54:00Z,0.0,0.0
2026-06-21T21:55:00Z,0.0,0.0
2026-06-21T21:56:00Z,0.0,0.0
2026-06-21T21:57:00Z,0.0,0.0
2026-06-21T21:58:00Z,0.0,0.0
2026-06-21T21:59:00Z,0.0,0.0
2026-06-21T22:00:00Z,0.0,0.0
2026-06-21T22:01:00Z,0.0,0.0
2026-06-21T22:02:00Z,0.0,0.0
2026-06-21T22:03:00Z,0.0,0.0
2026-06-21T22:04:00Z,0.0,0.0
2026-06-21T22:05:00Z,0.0,0.0
2026-06-21T22:06:00Z,0.0,0.0
2026-06-21T22:07:00Z,0.0,0.0
2026-06-21T22:08:00Z,0.0,0.0
2026-06-21T22:09:00Z,0.0,0.0
2026-06-21T22:10:00Z,0.0,0.0
2026-06-21T22:11:00Z,0.0,0.0
2026-06-21T22:12:00Z,0.0,0.0
2026-06-21T22:13:00Z,0.0,0.0
2026-06-21T22:14:00Z,0.0,0.0
2026-06-21T22:15:00Z,0.0,0.0
2026-06-21T22:16:00Z,0.0,0.0
2026-06-21T22:17:00Z,0.0,0.0
2026-06-21T22:18:00Z,0.0,0.0
2026-06-21T22:19:00Z,0.0,0.0
2026-06-21T22:20:00Z,0.0,0.0
2026-06-21T22:21:00Z,0.0,0.0
2026-06-21T22:22:00Z,0.0,0.0
2026-06-21T22:23:00Z,0.0,0.0
2026-06-21T22:24:00Z,0.0,0.0
2026-06-21T22:25:00Z,0.0,0.0
2026-06-21T22:26:00Z,0.0,0.0
2026-06-21T22:27:00Z,0.0,0.0
2026-06-21T22:28:00Z,0.0,0.0
2026-06-21T22:29:00Z,0.0,0.0
2026-06-21T22:30:00Z,0.0,0.0
2026-06-21T22:31:00Z,0.0,0.0
2026-06-21T22:32:00Z,0.0,0.0
2026-06-21T22:33:00Z,0.0,0.0
2026-06-21T22:34:00Z,0.0,0.0
2026-06-21T22:35:00Z,0.0,0.0
2026-06-21T22:36:00Z,0.0,0.0
2026-06-21T22:37:00Z,0.0,0.0
2026-06-21T22:38:00Z,0.0,0.0
2026-06-21T22:39:00Z,0.0,0.0
2026-06-21T22:40:00Z,0.0,0.0
2026-06-21T22:41:00Z,0.0,0.0
2026-06-21T22:42:00Z,0.0,0.0
2026-06-21T22:43:00Z,0.0,0.0
2026-06-21T22:44:00Z,0.0,0.0
2026-06-21T22:45:00Z,0.0,0.0
2026-06-21T22:46:00Z,0.0,0.0
2026-06-21T22:47:00Z,0.0,0.0
2026-06-21T22:48:00Z,0.0,0.0
2026-06-21T22:49:00Z,0.0,0.0
2026-06-21T22:50:00Z,0.0,0.0
2026-06-21T22:51:00Z,0.0,0.0
2026-06-21T22:52:00Z,0.0,0.0
2026-06-21T22:53:00Z,0.0,0.0
2026-06-21T22:54:00Z,0.0,0.0
2026-06-21T22:55:00Z,0.0,0.0
2026-06-21T22:56:00Z,0.0,0.0
2026-06-21T22:57:00Z,0.0,0.0
2026-06-21T22:58:00Z,0.0,0.0
2026-06-21T22:59:00Z,0.0,0.0
2026-06-21T23:00:00Z,0.0,0.0
2026-06-21T23:01:00Z,0.0,0.0
2026-06-21T23:02:00Z,0.0,0.0
2026-06-21T23:03:00Z,0.0,0.0
2026-06-21T23:04:00Z,0.0,0.0
2026-06-21T23:05:00Z,0.0,0.0
2026-06-21T23:06:00Z,0.0,0.0
2026-06-21T23:07:00Z,0.0,0.0
2026-06-21T23:08:00Z,0.0,0.0
2026-06-21T23:09:00Z,0.0,0.0
2026-06-21T23:10:00Z,0.0,0.0
2026-06-21T23:11:00Z,0.0,0.0
2026-06-21T23:12:00Z,0.0,0.0
2026-06-21T23:13:00Z,0.0,0.0
2026-06-21T23:14:00Z,0.0,0.0
2026-06-21T23:15:00Z,0.0,0.0
2026-06-21T23:16:00Z,0.0,0.0
2026-06-21T23:17:00Z,0.0,0.0
2026-06-21T23:18:00Z,0.0,0.0
2026-06-21T23:19:00Z,0.0,0.0
2026-06-21T23:20:00Z,0.0,0.0
2026-06-21T23:21:00Z,0.0,0.0
2026-06-21T23:22:00Z,0.0,0.0
2026-06-21T23:23:00Z,0.0,0.0
2026-06-21T23:24:00Z,0.0,0.0
2026-06-21T23:25:00Z,0.0,0.0
2026-06-21T23:26:00Z,0.0,0.0
2026-06-21T23:27:00Z,0.0,0.0
2026-06-21T23:28:00Z,0.0,0.0
2026-06-21T23:29:00Z,0.0,0.0
2026-06-21T23:30:00Z,0.0,0.0
2026-06-21T23:31:00Z,0.0,0.0
2026-06-21T23:32:00Z,0.0,0.0
2026-06-21T23:33:00Z,0.0,0.0
2026-06-21T23:34:00Z,0.0,0.0
2026-06-21T23:35:00Z,0.0,0.0
2026-06-21T23:36:00Z,0.0,0.0
2026-06-21T23:37:00Z,0.0,0.0
2026-06-21T23:38:00Z,0.0,0.0
2026-06-21T23:39:00Z,0.0,0.0
2026-06-21T23:40:00Z,0.0,0.0
2026-06-21T23:41:00Z,0.0,0.0
2026-06-21T23:42:00Z,0.0,0.0
2026-06-21T23:43:00Z,0.0,0.0
2026-06-21T23:44:00Z,0.0,0.0
2026-06-21T23:45:00Z,0.0,0.0
2026-06-21T23:46:00Z,0.0,0.0
2026-06-21T23:47:00Z,0.0,0.0
2026-06-21T23:48:00Z,0.0,0.0
2026-06-21T23:49:00Z,0.0,0.0
2026-06-21T23:50:00Z,0.0,0.0
2026-06-21T23:51:00Z,0.0,0.0
2026-06-21T23:52:00Z,0.0,0.0
2026-06-21T23:53:00Z,0.0,0.0
2026-06-21T23:54:00Z,0.0,0.0
2026-06-21T23:55:00Z,0.0,0.0
2026-06-21T23:56:00Z,0.0,0.0
2026-06-21T23:57:00Z,0.0,0.0
2026-06-21T23:58:00Z,0.0,0.0
2026-06-21T23:59:00Z,0.0,0.0
