timestamp,p_kw,q_kvar
2026-06-21T00:00:00Z,480.0,157.8
2026-06-21T00:01:00Z,480.0,157.8
2026-06-21T00:02:00Z,480.0,157.8
2026-06-21T00:03:00Z,480.0,157.8
2026-06-21T00:04:00Z,480.0,157.8
2026-06-21T00:05:00Z,480.0,157.8
2026-06-21T00:06:00Z,480.0,157.8
2026-06-21T00:07:00Z,480.0,157.8
2026-06-21T00:08:00Z,480.0,157.8
2026-06-21T00:09:00Z,480.0,157.8
2026-06-21T00:10:00Z,480.0,157.8
2026-06-21T00:11:00Z,480.0,157.8
2026-06-21T00:12:00Z,480.0,157.8
2026-06-21T00:13:00Z,480.0,157.8
2026-06-21T00:14:00Z,480.0,157.8
2026-06-21T00:15:00Z,480.0,157.8
2026-06-21T00:16:00Z,480.0,157.8
2026-06-21T00:17:00Z,480.0,157.8
2026-06-21T00:18:00Z,480.0,157.8
2026-06-21T00:19:00Z,480.0,157.8
2026-06-21T00:20:00Z,480.0,157.8
2026-06-21T00:21:00Z,480.0,157.8
2026-06-21T00:22:00Z,480.0,157.8
2026-06-21T00:23:00Z,480.0,157.8
2026-06-21T00:24:00Z,480.0,157.8
2026-06-21T00:25:00Z,480.0,157.8
2026-06-21T00:26:00Z,480.0,157.8
2026-06-21T00:27:00Z,480.0,157.8
2026-06-21T00:28:00Z,480.0,157.8
2026-06-21T00:29:00Z,480.0,157.8
2026-06-21T00:30:00Z,480.0,157.8
2026-06-21T00:31:00Z,480.0,157.8
2026-06-21T00:32:00Z,480.0,157.8
2026-06-21T00:33:00Z,480.0,157.8
2026-06-21T00:34:00Z,480.0,157.8
2026-06-21T00:35:00Z,480.0,157.8
2026-06-21T00:36:00Z,480.0,157.8
2026-06-21T00:37:00Z,480.0,157.8
2026-06-21T00:38:00Z,480.0,157.8
2026-06-21T00:39:00Z,480.0,157.8
2026-06-21T00:40:00Z,480.0,157.8
2026-06-21T00:41:00Z,480.0,157.8
2026-06-21T00:42:00Z,480.0,157.8
2026-06-21T00:43:00Z,480.0,157.8
2026-06-21T00:44:00Z,480.0,157.8
2026-06-21T00:45:00Z,480.0,157.8
2026-06-21T00:46:00Z,480.0,157.8
2026-06-21T00:47:00Z,480.0,157.8
2026-06-21T00:48:00Z,480.0,157.8
2026-06-21T00:49:00Z,480.0,157.8
2026-06-21T00:50:00Z,480.0,157.8
2026-06-21T00:51:00Z,480.0,157.8
2026-06-21T00:52:00Z,480.0,157.8
2026-06-21T00:53:00Z,480.0,157.8
2026-06-21T00:54:00Z,480.0,157.8
2026-06-21T00:55:00Z,480.0,157.8
2026-06-21T00:56:00Z,480.0,157.8
2026-06-21T00:57:00Z,480.0,157.8
2026-06-21T00:58:00Z,480.0,157.8
2026-06-21T00:59:00Z,480.0,157.8
2026-06-21T01:00:00Z,480.0,157.8
2026-06-21T01:01:00Z,480.0,157.8
2026-06-21T01:02:00Z,480.0,157.8
2026-06-21T01:03:00Z,480.0,157.8
2026-06-21T01:04:00Z,480.0,157.8
2026-06-21T01:05:00Z,480.0,157.8
2026-06-21T01:06:00Z,480.0,157.8
2026-06-21T01:07:00Z,480.0,157.8
2026-06-21T01:08:00Z,480.0,157.8
2026-06-21T01:09:00Z,480.0,157.8
2026-06-21T01:10:00Z,480.0,157.8
2026-06-21T01:11:00Z,480.0,157.8
2026-06-21T01:12:00Z,480.0,157.8
2026-06-21T01:13:00Z,480.0,157.8
2026-06-21T01:14:00Z,480.0,157.8
2026-06-21T01:15:00Z,480.0,157.8
2026-06-21T01:16:00Z,480.0,157.8
2026-06-21T01:17:00Z,480.0,157.8
2026-06-21T01:18:00Z,480.0,157.8
2026-06-21T01:19:00Z,480.0,157.8
2026-06-21T01:20:00Z,480.0,157.8
2026-06-21T01:21:00Z,480.0,157.8
2026-06-21T01:22:00Z,480.0,157.8
2026-06-21T01:23:00Z,480.0,157.8
2026-06-21T01:24:00Z,480.0,157.8
2026-06-21T01:25:00Z,480.0,157.8
2026-06-21T01:26:00Z,480.0,157.8
2026-06-21T01:27:00Z,480.0,157.8
2026-06-21T01:28:00Z,480.0,157.8
2026-06-21T01:29:00Z,480.0,157.8
2026-06-21T01:30:00Z,480.1,157.8
2026-06-21T01:31:00Z,480.1,157.8
2026-06-21T01:32:00Z,480.1,157.8
2026-06-21T01:33:00Z,480.1,157.8
2026-06-21T01:34:00Z,480.1,157.8
2026-06-21T01:35:00Z,480.1,157.8
2026-06-21T01:36:00Z,480.1,157.8
2026-06-21T01:37:00Z,480.1,157.8
2026-06-21T01:38:00Z,480.1,157.8
2026-06-21T01:39:00Z,480.1,157.8
2026-06-21T01:40:00Z,480.1,157.8
2026-06-21T01:41:00Z,480.1,157.8
2026-06-21T01:42:00Z,480.1,157.8
2026-06-21T01:43:00Z,480.1,157.8
2026-06-21T01:44:00Z,480.1,157.8
2026-06-21T01:45:00Z,480.1,157.8
2026-06-21T01:46:00Z,480.1,157.8
2026-06-21T01:47:00Z,480.1,157.8
2026-06-21T01:48:00Z,480.1,157.8
2026-06-21T01:49:00Z,480.1,157.8
2026-06-21T01:50:00Z,480.1,157.8
2026-06-21T01:51:00Z,480.1,157.8
2026-06-21T01:52:00Z,480.1,157.8
2026-06-21T01:53:00Z,480.1,157.8
2026-06-21T01:54:00Z,480.1,157.8
2026-06-21T01:55:00Z,480.1,157.8
2026-06-21T01:56:00Z,480.1,157.8
2026-06-21T01:57:00Z,480.1,157.8
2026-06-21T01:58:00Z,480.2,157.8
2026-06-21T01:59:00Z,480.2,157.8
2026-06-21T02:00:00Z,480.2,157.8
2026-06-21T02:01:00Z,480.2,157.8
2026-06-21T02:02:00Z,480.2,157.8
2026-06-21T02:03:00Z,480.2,157.8
2026-06-21T02:04:00Z,480.2,157.8
2026-06-21T02:05:00Z,480.2,157.8
2026-06-21T02:06:00Z,480.2,157.8
2026-06-21T02:07:00Z,480.2,157.8
2026-06-21T02:08:00Z,480.2,157.8
2026-06-21T02:09:00Z,480.2,157.8
2026-06-21T02:10:00Z,480.2,157.8
2026-06-21T02:11:00Z,480.2,157.8
2026-06-21T02:12:00Z,480.3,157.9
2026-06-21T02:13:00Z,480.3,157.9
2026-06-21T02:14:00Z,480.3,157.9
2026-06-21T02:15:00Z,480.3,157.9
2026-06-21T02:16:00Z,480.3,157.9
2026-06-21T02:17:00Z,480.3,157.9
2026-06-21T02:18:00Z,480.3,157.9
2026-06-21T02:19:00Z,480.3,157.9
2026-06-21T02:20:00Z,480.3,157.9
2026-06-21T02:21:00Z,480.4,157.9
2026-06-21T02:22:00Z,480.4,157.9
2026-06-21T02:23:00Z,480.4,157.9
2026-06-21T02:24:00Z,480.4,157.9
2026-06-21T02:25:00Z,480.4,157.9
2026-06-21T02:26:00Z,480.4,157.9
2026-06-21T02:27:00Z,480.4,157.9
2026-06-21T02:28:00Z,480.5,157.9
2026-06-21T02:29:00Z,480.5,157.9
2026-06-21T02:30:00Z,480.5,157.9
2026-06-21T02:31:00Z,480.5,157.9
2026-06-21T02:32:00Z,480.5,157.9
2026-06-21T02:33:00Z,480.5,157.9
2026-06-21T02:34:00Z,480.6,158.0
2026-06-21T02:35:00Z,480.6,158.0
2026-06-21T02:36:00Z,480.6,158.0
2026-06-21T02:37:00Z,480.6,158.0
2026-06-21T02:38:00Z,480.6,158.0
2026-06-21T02:39:00Z,480.7,158.0
2026-06-21T02:40:00Z,480.7,158.0
2026-06-21T02:41:00Z,480.7,158.0
2026-06-21T02:42:00Z,480.7,158.0
2026-06-21T02:43:00Z,480.8,158.0
2026-06-21T02:44:00Z,480.8,158.0
2026-06-21T02:45:00Z,480.8,158.0
2026-06-21T02:46:00Z,480.8,158.0
2026-06-21T02:47:00Z,480.9,158.1
2026-06-21T02:48:00Z,480.9,158.1
2026-06-21T02:49:00Z,480.9,158.1
2026-06-21T02:50:00Z,481.0,158.1
2026-06-21T02:51:00Z,481.0,158.1
2026-06-21T02:52:00Z,481.0,158.1
2026-06-21T02:53:00Z,481.1,158.1
2026-06-21T02:54:00Z,481.1,158.1
2026-06-21T02:55:00Z,481.1,158.1
2026-06-21T02:56:00Z,481.2,158.2
2026-06-21T02:57:00Z,481.2,158.2
2026-06-21T02:58:00Z,481.2,158.2
2026-06-21T02:59:00Z,481.3,158.2
2026-06-21T03:00:00Z,481.3,158.2
2026-06-21T03:01:00Z,481.4,158.2
2026-06-21T03:02:00Z,481.4,158.2
2026-06-21T03:03:00Z,481.5,158.2
2026-06-21T03:04:00Z,481.5,158.3
2026-06-21T03:05:00Z,481.6,158.3
2026-06-21T03:06:00Z,481.6,158.3
2026-06-21T03:07:00Z,481.7,158.3
2026-06-21T03:08:00Z,481.7,158.3
2026-06-21T03:09:00Z,481.8,158.3
2026-06-21T03:10:00Z,481.8,158.4
2026-06-21T03:11:00Z,481.9,158.4
2026-06-21T03:12:00Z,481.9,158.4
2026-06-21T03:13:00Z,482.0,158.4
2026-06-21T03:14:00Z,482.1,158.4
2026-06-21T03:15:00Z,482.1,158.5
2026-06-21T03:16:00Z,482.2,158.5
2026-06-21T03:17:00Z,482.3,158.5
2026-06-21T03:18:00Z,482.3,158.5
2026-06-21T03:19:00Z,482.4,158.6
2026-06-21T03:20:00Z,482.5,158.6
2026-06-21T03:21:00Z,482.5,158.6
2026-06-21T03:22:00Z,482.6,158.6
2026-06-21T03:23:00Z,482.7,158.7
2026-06-21T03:24:00Z,482.8,158.7
2026-06-21T03:25:00Z,482.9,158.7
2026-06-21T03:26:00Z,483.0,158.7
2026-06-21T03:27:00Z,483.0,158.8
2026-06-21T03:28:00Z,483.1,158.8
2026-06-21T03:29:00Z,483.2,158.8
2026-06-21T03:30:00Z,483.3,158.9
2026-06-21T03:31:00Z,483.4,158.9
2026-06-21T03:32:00Z,483.5,158.9
2026-06-21T03:33:00Z,483.6,159.0
2026-06-21T03:34:00Z,483.7,159.0
2026-06-21T03:35:00Z,483.8,159.0
2026-06-21T03:36:00Z,484.0,159.1
2026-06-21T03:37:00Z,484.1,159.1
2026-06-21T03:38:00Z,484.2,159.1
2026-06-21T03:39:00Z,484.3,159.2
2026-06-21T03:40:00Z,484.4,159.2
2026-06-21T03:41:00Z,484.6,159.3
2026-06-21T03:42:00Z,484.7,159.3
2026-06-21T03:43:00Z,484.8,159.4
2026-06-21T03:44:00Z,485.0,159.4
2026-06-21T03:45:00Z,485.1,159.4
2026-06-21T03:46:00Z,485.2,159.5
2026-06-21T03:47:00Z,485.4,159.5
2026-06-21T03:48:00Z,485.6,159.6
2026-06-21T03:49:00Z,485.7,159.6
2026-06-21T03:50:00Z,485.9,159.7
2026-06-21T03:51:00Z,486.0,159.8
2026-06-21T03:52:00Z,486.2,159.8
2026-06-21T03:53:00Z,486.4,159.9
2026-06-21T03:54:00Z,486.5,159.9
2026-06-21T03:55:00Z,486.7,160.0
2026-06-21T03:56:00Z,486.9,160.0
2026-06-21T03:57:00Z,487.1,160.1
2026-06-21T03:58:00Z,487.3,160.2
2026-06-21T03:59:00Z,487.5,160.2
2026-06-21T04:00:00Z,487.7,160.3
2026-06-21T04:01:00Z,487.9,160.4
2026-06-21T04:02:00Z,488.1,160.4
2026-06-21T04:03:00Z,488.3,160.5
2026-06-21T04:04:00Z,488.6,160.6
2026-06-21T04:05:00Z,488.8,160.7
2026-06-21T04:06:00Z,489.0,160.7
2026-06-21T04:07:00Z,489.3,160.8
2026-06-21T04:08:00Z,489.5,160.9
2026-06-21T04:09:00Z,489.7,161.0
2026-06-21T04:10:00Z,490.0,161.1
2026-06-21T04:11:00Z,490.3,161.1
2026-06-21T04:12:00Z,490.5,161.2
2026-06-21T04:13:00Z,490.8,161.3
2026-06-21T04:14:00Z,491.1,161.4
2026-06-21T04:15:00Z,491.4,161.5
2026-06-21T04:16:00Z,491.7,161.6
2026-06-21T04:17:00Z,492.0,161.7
2026-06-21T04:18:00Z,492.3,161.8
2026-06-21T04:19:00Z,492.6,161.9
2026-06-21T04:20:00Z,492.9,162.0
2026-06-21T04:21:00Z,493.2,162.1
2026-06-21T04:22:00Z,493.5,162.2
2026-06-21T04:23:00Z,493.9,162.3
2026-06-21T04:24:00Z,494.2,162.4
2026-06-21T04:25:00Z,494.6,162.6
2026-06-21T04:26:00Z,494.9,162.7
2026-06-21T04:27:00Z,495.3,162.8
2026-06-21T04:28:00Z,495.7,162.9
2026-06-21T04:29:00Z,496.1,163.0
2026-06-21T04:30:00Z,496.4,163.2
2026-06-21T04:31:00Z,496.8,163.3
2026-06-21T04:32:00Z,497.3,163.4
2026-06-21T04:33:00Z,497.7,163.6
2026-06-21T04:34:00Z,498.1,163.7
2026-06-21T04:35:00Z,498.5,163.9
2026-06-21T04:36:00Z,499.0,164.0
2026-06-21T04:37:00Z,499.4,164.1
2026-06-21T04:38:00Z,499.9,164.3
2026-06-21T04:39:00Z,500.3,164.5
2026-06-21T04:40:00Z,500.8,164.6
2026-06-21T04:41:00Z,501.3,164.8
2026-06-21T04:42:00Z,501.8,164.9
2026-06-21T04:43:00Z,502.3,165.1
2026-06-21T04:44:00Z,502.8,165.3
2026-06-21T04:45:00Z,503.3,165.4
2026-06-21T04:46:00Z,503.9,165.6
2026-06-21T04:47:00Z,504.4,165.8
2026-06-21T04:48:00Z,505.0,166.0
2026-06-21T04:49:00Z,505.5,166.2
2026-06-21T04:50:00Z,506.1,166.4
2026-06-21T04:51:00Z,506.7,166.5
2026-06-21T04:52:00Z,507.3,166.7
2026-06-21T04:53:00Z,507.9,166.9
2026-06-21T04:54:00Z,508.5,167.1
2026-06-21T04:55:00Z,509.2,167.3
2026-06-21T04:56:00Z,509.8,167.6
2026-06-21T04:57:00Z,510.4,167.8
2026-06-21T04:58:00Z,511.1,168.0
2026-06-21T04:59:00Z,511.8,168.2
2026-06-21T05:00:00Z,512.5,168.4
2026-06-21T05:01:00Z,513.2,168.7
2026-06-21T05:02:00Z,513.9,168.9
2026-06-21T05:03:00Z,514.6,169.1
2026-06-21T05:04:00Z,515.3,169.4
2026-06-21T05:05:00Z,516.1,169.6
2026-06-21T05:06:00Z,516.8,169.9
2026-06-21T05:07:00Z,517.6,170.1
2026-06-21T05:08:00Z,518.4,170.4
2026-06-21T05:09:00Z,519.2,170.7
2026-06-21T05:10:00Z,520.0,170.9
2026-06-21T05:11:00Z,520.8,171.2
2026-06-21T05:12:00Z,521.7,171.5
2026-06-21T05:13:00Z,522.5,171.7
2026-06-21T05:14:00Z,523.4,172.0
2026-06-21T05:15:00Z,524.3,172.3
2026-06-21T05:16:00Z,525.2,172.6
2026-06-21T05:17:00Z,526.1,172.9
2026-06-21T05:18:00Z,527.0,173.2
2026-06-21T05:19:00Z,527.9,173.5
2026-06-21T05:20:00Z,528.9,173.8
2026-06-21T05:21:00Z,529.8,174.1
2026-06-21T05:22:00Z,530.8,174.5
2026-06-21T05:23:00Z,531.8,174.8
2026-06-21T05:24:00Z,532.8,175.1
2026-06-21T05:25:00Z,533.8,175.5
2026-06-21T05:26:00Z,534.9,175.8
2026-06-21T05:27:00Z,535.9,176.1
2026-06-21T05:28:00Z,537.0,176.5
2026-06-21T05:29:00Z,538.1,176.9
2026-06-21T05:30:00Z,539.2,177.2
2026-06-21T05:31:00Z,540.3,177.6
2026-06-21T05:32:00Z,541.4,177.9
2026-06-21T05:33:00Z,542.5,178.3
2026-06-21T05:34:00Z,543.7,178.7
2026-06-21T05:35:00Z,544.9,179.1
2026-06-21T05:36:00Z,546.1,179.5
2026-06-21T05:37:00Z,547.3,179.9
2026-06-21T05:38:00Z,548.5,180.3
2026-06-21T05:39:00Z,549.7,180.7
2026-06-21T05:40:00Z,551.0,181.1
2026-06-21T05:41:00Z,552.3,181.5
2026-06-21T05:42:00Z,553.5,181.9
2026-06-21T05:43:00Z,554.8,182.4
2026-06-21T05:44:00Z,556.2,182.8
2026-06-21T05:45:00Z,557.5,183.2
2026-06-21T05:46:00Z,558.8,183.7
2026-06-21T05:47:00Z,560.2,184.1
2026-06-21T05:48:00Z,561.6,184.6
2026-06-21T05:49:00Z,563.0,185.1
2026-06-21T05:50:00Z,564.4,185.5
2026-06-21T05:51:00Z,565.9,186.0
2026-06-21T05:52:00Z,567.3,186.5
2026-06-21T05:53:00Z,568.8,186.9
2026-06-21T05:54:00Z,570.3,187.4
2026-06-21T05:55:00Z,571.8,187.9
2026-06-21T05:56:00Z,573.3,188.4
2026-06-21T05:57:00Z,574.8,188.9
2026-06-21T05:58:00Z,576.4,189.4
2026-06-21T05:59:00Z,577.9,190.0
2026-06-21T06:00:00Z,579.5,190.5
2026-06-21T06:01:00Z,581.1,191.0
2026-06-21T06:02:00Z,582.7,191.5
2026-06-21T06:03:00Z,584.4,192.1
2026-06-21T06:04:00Z,586.0,192.6
2026-06-21T06:05:00Z,587.7,193.2
2026-06-21T06:06:00Z,589.4,193.7
2026-06-21T06:07:00Z,591.1,194.3
2026-06-21T06:08:00Z,592.8,194.8
2026-06-21T06:09:00Z,594.5,195.4
2026-06-21T06:10:00Z,596.3,196.0
2026-06-21T06:11:00Z,598.0,196.6
2026-06-21T06:12:00Z,599.8,197.1
2026-06-21T06:13:00Z,601.6,197.7
2026-06-21T06:14:00Z,603.4,198.3
2026-06-21T06:15:00Z,605.2,198.9
2026-06-21T06:16:00Z,607.1,199.5
2026-06-21T06:17:00Z,608.9,200.2
2026-06-21T06:18:00Z,610.8,200.8
2026-06-21T06:19:00Z,612.7,201.4
2026-06-21T06:20:00Z,614.6,202.0
2026-06-21T06:21:00Z,616.5,202.6
2026-06-21T06:22:00Z,618.5,203.3
2026-06-21T06:23:00Z,620.4,203.9
2026-06-21T06:24:00Z,622.4,204.6
2026-06-21T06:25:00Z,624.4,205.2
2026-06-21T06:26:00Z,626.4,205.9
2026-06-21T06:27:00Z,628.4,206.5
2026-06-21T06:28:00Z,630.4,207.2
2026-06-21T06:29:00Z,632.5,207.9
2026-06-21T06:30:00Z,634.5,208.6
2026-06-21T06:31:00Z,636.6,209.2
2026-06-21T06:32:00Z,638.7,209.9
2026-06-21T06:33:00Z,640.8,210.6
2026-06-21T06:34:00Z,642.9,211.3
2026-06-21T06:35:00Z,645.0,212.0
2026-06-21T06:36:00Z,647.1,212.7
2026-06-21T06:37:00Z,649.3,213.4
2026-06-21T06:38:00Z,651.4,214.1
2026-06-21T06:39:00Z,653.6,214.8
2026-06-21T06:40:00Z,655.8,215.5
2026-06-21T06:41:00Z,658.0,216.3
2026-06-21T06:42:00Z,660.2,217.0
2026-06-21T06:43:00Z,662.4,217.7
2026-06-21T06:44:00Z,664.6,218.4
2026-06-21T06:45:00Z,666.8,219.2
2026-06-21T06:46:00Z,669.1,219.9
2026-06-21T06:47:00Z,671.3,220.7
2026-06-21T06:48:00Z,673.6,221.4
2026-06-21T06:49:00Z,675.9,222.2
2026-06-21T06:50:00Z,678.2,222.9
2026-06-21T06:51:00Z,680.5,223.7
2026-06-21T06:52:00Z,682.8,224.4
2026-06-21T06:53:00Z,685.1,225.2
2026-06-21T06:54:00Z,687.4,225.9
2026-06-21T06:55:00Z,689.7,226.7
2026-06-21T06:56:00Z,692.1,227.5
2026-06-21T06:57:00Z,694.4,228.2
2026-06-21T06:58:00Z,696.7,229.0
2026-06-21T06:59:00Z,699.1,229.8
2026-06-21T07:00:00Z,701.5,230.6
2026-06-21T07:01:00Z,703.8,231.3
2026-06-21T07:02:00Z,706.2,232.1
2026-06-21T07:03:00Z,708.6,232.9
2026-06-21T07:04:00Z,711.0,233.7
2026-06-21T07:05:00Z,713.3,234.5
2026-06-21T07:06:00Z,715.7,235.2
2026-06-21T07:07:00Z,718.1,236.0
2026-06-21T07:08:00Z,720.5,236.8
2026-06-21T07:09:00Z,722.9,237.6
2026-06-21T07:10:00Z,725.3,238.4
2026-06-21T07:11:00Z,727.7,239.2
2026-06-21T07:12:00Z,730.1,240.0
2026-06-21T07:13:00Z,732.5,240.8
2026-06-21T07:14:00Z,734.9,241.6
2026-06-21T07:15:00Z,737.3,242.3
2026-06-21T07:16:00Z,739.7,243.1
2026-06-21T07:17:00Z,742.1,243.9
2026-06-21T07:18:00Z,744.5,244.7
2026-06-21T07:19:00Z,746.9,245.5
2026-06-21T07:20:00Z,749.3,246.3
2026-06-21T07:21:00Z,751.7,247.1
2026-06-21T07:22:00Z,754.1,247.9
2026-06-21T07:23:00Z,756.5,248.6
2026-06-21T07:24:00Z,758.8,249.4
2026-06-21T07:25:00Z,761.2,250.2
2026-06-21T07:26:00Z,763.6,251.0
2026-06-21T07:27:00Z,766.0,251.8
2026-06-21T07:28:00Z,768.3,252.5
2026-06-21T07:29:00Z,770.7,253.3
2026-06-21T07:30:00Z,773.0,254.1
2026-06-21T07:31:00Z,775.4,254.8
2026-06-21T07:32:00Z,777.7,255.6
2026-06-21T07:33:00Z,780.0,256.4
2026-06-21T07:34:00Z,782.3,257.1
2026-06-21T07:35:00Z,784.6,257.9
2026-06-21T07:36:00Z,786.9,258.7
2026-06-21T07:37:00Z,789.2,259.4
2026-06-21T07:38:00Z,791.5,260.2
2026-06-21T07:39:00Z,793.8,260.9
2026-06-21T07:40:00Z,796.0,261.6
2026-06-21T07:41:00Z,798.3,262.4
2026-06-21T07:42:00Z,800.5,263.1
2026-06-21T07:43:00Z,802.7,263.8
2026-06-21T07:44:00Z,804.9,264.6
2026-06-21T07:45:00Z,807.1,265.3
2026-06-21T07:46:00Z,809.3,266.0
2026-06-21T07:47:00Z,811.4,266.7
2026-06-21T07:48:00Z,813.6,267.4
2026-06-21T07:49:00Z,815.7,268.1
2026-06-21T07:50:00Z,817.8,268.8
2026-06-21T07:51:00Z,819.9,269.5
2026-06-21T07:52:00Z,822.0,270.2
2026-06-21T07:53:00Z,824.0,270.8
2026-06-21T07:54:00Z,826.1,271.5
2026-06-21T07:55:00Z,828.1,272.2
2026-06-21T07:56:00Z,830.1,272.8
2026-06-21T07:57:00Z,832.1,273.5
2026-06-21T07:58:00Z,834.0,274.1
2026-06-21T07:59:00Z,836.0,274.8
2026-06-21T08:00:00Z,837.9,275.4
2026-06-21T08:01:00Z,839.8,276.0
2026-06-21T08:02:00Z,841.7,276.6
2026-06-21T08:03:00Z,843.5,277.3
2026-06-21T08:04:00Z,845.4,277.9
2026-06-21T08:05:00Z,847.2,278.4
2026-06-21T08:06:00Z,848.9,279.0
2026-06-21T08:07:00Z,850.7,279.6
2026-06-21T08:08:00Z,852.4,280.2
2026-06-21T08:09:00Z,854.1,280.7
2026-06-21T08:10:00Z,855.8,281.3
2026-06-21T08:11:00Z,857.5,281.8
2026-06-21T08:12:00Z,859.1,282.4
2026-06-21T08:13:00Z,860.7,282.9
2026-06-21T08:14:00Z,862.3,283.4
2026-06-21T08:15:00Z,863.9,283.9
2026-06-21T08:16:00Z,865.4,284.4
2026-06-21T08:17:00Z,866.9,284.9
2026-06-21T08:18:00Z,868.3,285.4
2026-06-21T08:19:00Z,869.8,285.9
2026-06-21T08:20:00Z,871.2,286.3
2026-06-21T08:21:00Z,872.5,286.8
2026-06-21T08:22:00Z,873.9,287.2
2026-06-21T08:23:00Z,875.2,287.7
2026-06-21T08:24:00Z,876.5,288.1
2026-06-21T08:25:00Z,877.7,288.5
2026-06-21T08:26:00Z,879.0,288.9
2026-06-21T08:27:00Z,880.2,289.3
2026-06-21T08:28:00Z,881.3,289.7
2026-06-21T08:29:00Z,882.4,290.0
2026-06-21T08:30:00Z,883.5,290.4
2026-06-21T08:31:00Z,884.6,290.8
2026-06-21T08:32:00Z,885.6,291.1
2026-06-21T08:33:00Z,886.6,291.4
2026-06-21T08:34:00Z,887.6,291.7
2026-06-21T08:35:00Z,888.5,292.0
2026-06-21T08:36:00Z,889.4,292.3
2026-06-21T08:37:00Z,890.2,292.6
2026-06-21T08:38:00Z,891.1,292.9
2026-06-21T08:39:00Z,891.8,293.1
2026-06-21T08:40:00Z,892.6,293.4
2026-06-21T08:41:00Z,893.3,293.6
2026-06-21T08:42:00Z,894.0,293.8
2026-06-21T08:43:00Z,894.6,294.1
2026-06-21T08:44:00Z,895.2,294.3
2026-06-21T08:45:00Z,895.8,294.4
2026-06-21T08:46:00Z,896.4,294.6
2026-06-21T08:47:00Z,896.9,294.8
2026-06-21T08:48:00Z,897.3,294.9
2026-06-21T08:49:00Z,897.7,295.1
2026-06-21T08:50:00Z,898.1,295.2
2026-06-21T08:51:00Z,898.5,295.3
2026-06-21T08:52:00Z,898.8,295.4
2026-06-21T08:53:00Z,899.1,295.5
2026-06-21T08:54:00Z,899.3,295.6
2026-06-21T08:55:00Z,899.5,295.7
2026-06-21T08:56:00Z,899.7,295.7
2026-06-21T08:57:00Z,899.8,295.8
2026-06-21T08:58:00Z,899.9,295.8
2026-06-21T08:59:00Z,900.0,295.8
2026-06-21T09:00:00Z,900.0,295.8
2026-06-21T09:01:00Z,900.0,295.8
2026-06-21T09:02:00Z,899.9,295.8
2026-06-21T09:03:00Z,899.8,295.8
2026-06-21T09:04:00Z,899.7,295.7
2026-06-21T09:05:00Z,899.5,295.7
2026-06-21T09:06:00Z,899.3,295.6
2026-06-21T09:07:00Z,899.1,295.5
2026-06-21T09:08:00Z,898.8,295.4
2026-06-21T09:09:00Z,898.5,295.3
2026-06-21T09:10:00Z,898.1,295.2
2026-06-21T09:11:00Z,897.7,295.1
2026-06-21T09:12:00Z,897.3,294.9
2026-06-21T09:13:00Z,896.9,294.8
2026-06-21T09:14:00Z,896.4,294.6
2026-06-21T09:15:00Z,895.8,294.4
2026-06-21T09:16:00Z,895.2,294.3
2026-06-21T09:17:00Z,894.6,294.1
2026-06-21T09:18:00Z,894.0,293.8
2026-06-21T09:19:00Z,893.3,293.6
2026-06-21T09:20:00Z,892.6,293.4
2026-06-21T09:21:00Z,891.8,293.1
2026-06-21T09:22:00Z,891.1,292.9
2026-06-21T09:23:00Z,890.2,292.6
2026-06-21T09:24:00Z,889.4,292.3
2026-06-21T09:25:00Z,888.5,292.0
2026-06-21T09:26:00Z,887.6,291.7
2026-06-21T09:27:00Z,886.6,291.4
2026-06-21T09:28:00Z,885.6,291.1
2026-06-21T09:29:00Z,884.6,290.8
2026-06-21T09:30:00Z,883.5,290.4
2026-06-21T09:31:00Z,882.4,290.0
2026-06-21T09:32:00Z,881.3,289.7
2026-06-21T09:33:00Z,880.2,289.3
2026-06-21T09:34:00Z,879.0,288.9
2026-06-21T09:35:00Z,877.7,288.5
2026-06-21T09:36:00Z,876.5,288.1
2026-06-21T09:37:00Z,875.2,287.7
2026-06-21T09:38:00Z,873.9,287.2
2026-06-21T09:39:00Z,872.5,286.8
2026-06-21T09:40:00Z,871.2,286.3
2026-06-21T09:41:00Z,869.8,285.9
2026-06-21T09:42:00Z,868.3,285.4
2026-06-21T09:43:00Z,866.9,284.9
2026-06-21T09:44:00Z,865.4,284.4
2026-06-21T09:45:00Z,863.9,283.9
2026-06-21T09:46:00Z,862.3,283.4
2026-06-21T09:47:00Z,860.7,282.9
2026-06-21T09:48:00Z,859.1,282.4
2026-06-21T09:49:00Z,857.5,281.8
2026-06-21T09:50:00Z,855.8,281.3
2026-06-21T09:51:00Z,854.2,280.7
2026-06-21T09:52:00Z,852.4,280.2
2026-06-21T09:53:00Z,850.7,279.6
2026-06-21T09:54:00Z,848.9,279.0
2026-06-21T09:55:00Z,847.2,278.4
2026-06-21T09:56:00Z,845.4,277.9
2026-06-21T09:57:00Z,843.5,277.3
2026-06-21T09:58:00Z,841.7,276.6
2026-06-21T09:59:00Z,839.8,276.0
2026-06-21T10:00:00Z,837.9,275.4
2026-06-21T10:01:00Z,836.0,274.8
2026-06-21T10:02:00Z,834.0,274.1
2026-06-21T10:03:00Z,832.1,273.5
2026-06-21T10:04:00Z,830.1,272.8
2026-06-21T10:05:00Z,828.1,272.2
2026-06-21T10:06:00Z,826.1,271.5
2026-06-21T10:07:00Z,824.0,270.8
2026-06-21T10:08:00Z,822.0,270.2
2026-06-21T10:09:00Z,819.9,269.5
2026-06-21T10:10:00Z,817.8,268.8
2026-06-21T10:11:00Z,815.7,268.1
2026-06-21T10:12:00Z,813.6,267.4
2026-06-21T10:13:00Z,811.4,266.7
2026-06-21T10:14:00Z,809.3,266.0
2026-06-21T10:15:00Z,807.1,265.3
2026-06-21T10:16:00Z,804.9,264.6
2026-06-21T10:17:00Z,802.7,263.8
2026-06-21T10:18:00Z,800.5,263.1
2026-06-21T10:19:00Z,798.3,262.4
2026-06-21T10:20:00Z,796.0,261.6
2026-06-21T10:21:00Z,793.8,260.9
2026-06-21T10:22:00Z,791.5,260.2
2026-06-21T10:23:00Z,789.2,259.4
2026-06-21T10:24:00Z,786.9,258.7
2026-06-21T10:25:00Z,784.6,257.9
2026-06-21T10:26:00Z,782.3,257.1
2026-06-21T10:27:00Z,780.0,256.4
2026-06-21T10:28:00Z,777.7,255.6
2026-06-21T10:29:00Z,775.4,254.9
2026-06-21T10:30:00Z,773.0,254.1
2026-06-21T10:31:00Z,770.7,253.3
2026-06-21T10:32:00Z,768.3,252.5
2026-06-21T10:33:00Z,766.0,251.8
2026-06-21T10:34:00Z,763.6,251.0
2026-06-21T10:35:00Z,761.2,250.2
2026-06-21T10:36:00Z,758.9,249.4
2026-06-21T10:37:00Z,756.5,248.6
2026-06-21T10:38:00Z,754.1,247.9
2026-06-21T10:39:00Z,751.7,247.1
2026-06-21T10:40:00Z,749.3,246.3
2026-06-21T10:41:00Z,746.9,245.5
2026-06-21T10:42:00Z,744.5,244.7
2026-06-21T10:43:00Z,742.1,243.9
2026-06-21T10:44:00Z,739.7,243.1
2026-06-21T10:45:00Z,737.3,242.3
2026-06-21T10:46:00Z,734.9,241.6
2026-06-21T10:47:00Z,732.5,240.8
2026-06-21T10:48:00Z,730.1,240.0
2026-06-21T10:49:00Z,727.7,239.2
2026-06-21T10:50:00Z,725.3,238.4
2026-06-21T10:51:00Z,722.9,237.6
2026-06-21T10:52:00Z,720.5,236.8
2026-06-21T10:53:00Z,718.1,236.0
2026-06-21T10:54:00Z,715.7,235.3
2026-06-21T10:55:00Z,713.4,234.5
2026-06-21T10:56:00Z,711.0,233.7
2026-06-21T10:57:00Z,708.6,232.9
2026-06-21T10:58:00Z,706.2,232.1
2026-06-21T10:59:00Z,703.9,231.3
2026-06-21T11:00:00Z,701.5,230.6
2026-06-21T11:01:00Z,699.1,229.8
2026-06-21T11:02:00Z,696.8,229.0
2026-06-21T11:03:00Z,694.4,228.3
2026-06-21T11:04:00Z,692.1,227.5
2026-06-21T11:05:00Z,689.8,226.7
2026-06-21T11:06:00Z,687.4,226.0
2026-06-21T11:07:00Z,685.1,225.2
2026-06-21T11:08:00Z,682.8,224.4
2026-06-21T11:09:00Z,680.5,223.7
2026-06-21T11:10:00Z,678.2,222.9
2026-06-21T11:11:00Z,675.9,222.2
2026-06-21T11:12:00Z,673.7,221.4
2026-06-21T11:13:00Z,671.4,220.7
2026-06-21T11:14:00Z,669.1,219.9
2026-06-21T11:15:00Z,666.9,219.2
2026-06-21T11:16:00Z,664.7,218.5
2026-06-21T11:17:00Z,662.4,217.7
2026-06-21T11:18:00Z,660.2,217.0
2026-06-21T11:19:00Z,658.0,216.3
2026-06-21T11:20:00Z,655.8,215.6
2026-06-21T11:21:00Z,653.7,214.8
2026-06-21T11:22:00Z,651.5,214.1
2026-06-21T11:23:00Z,649.3,213.4
2026-06-21T11:24:00Z,647.2,212.7
2026-06-21T11:25:00Z,645.1,212.0
2026-06-21T11:26:00Z,643.0,211.3
2026-06-21T11:27:00Z,640.9,210.6
2026-06-21T11:28:00Z,638.8,210.0
2026-06-21T11:29:00Z,636.7,209.3
2026-06-21T11:30:00Z,634.6,208.6
2026-06-21T11:31:00Z,632.6,207.9
2026-06-21T11:32:00Z,630.5,207.2
2026-06-21T11:33:00Z,628.5,206.6
2026-06-21T11:34:00Z,626.5,205.9
2026-06-21T11:35:00Z,624.5,205.3
2026-06-21T11:36:00Z,622.6,204.6
2026-06-21T11:37:00Z,620.6,204.0
2026-06-21T11:38:00Z,618.6,203.3
2026-06-21T11:39:00Z,616.7,202.7
2026-06-21T11:40:00Z,614.8,202.1
2026-06-21T11:41:00Z,612.9,201.5
2026-06-21T11:42:00Z,611.0,200.8
2026-06-21T11:43:00Z,609.2,200.2
2026-06-21T11:44:00Z,607.3,199.6
2026-06-21T11:45:00Z,605.5,199.0
2026-06-21T11:46:00Z,603.6,198.4
2026-06-21T11:47:00Z,601.8,197.8
2026-06-21T11:48:00Z,600.1,197.2
2026-06-21T11:49:00Z,598.3,196.6
2026-06-21T11:50:00Z,596.5,196.1
2026-06-21T11:51:00Z,594.8,195.5
2026-06-21T11:52:00Z,593.1,194.9
2026-06-21T11:53:00Z,591.4,194.4
2026-06-21T11:54:00Z,589.7,193.8
2026-06-21T11:55:00Z,588.0,193.3
2026-06-21T11:56:00Z,586.4,192.7
2026-06-21T11:57:00Z,584.7,192.2
2026-06-21T11:58:00Z,583.1,191.7
2026-06-21T11:59:00Z,581.5,191.1
2026-06-21T12:00:00Z,579.9,190.6
2026-06-21T12:01:00Z,578.4,190.1
2026-06-21T12:02:00Z,576.8,189.6
2026-06-21T12:03:00Z,575.3,189.1
2026-06-21T12:04:00Z,573.8,188.6
2026-06-21T12:05:00Z,572.3,188.1
2026-06-21T12:06:00Z,570.8,187.6
2026-06-21T12:07:00Z,569.3,187.1
2026-06-21T12:08:00Z,567.9,186.7
2026-06-21T12:09:00Z,566.5,186.2
2026-06-21T12:10:00Z,565.1,185.7
2026-06-21T12:11:00Z,563.7,185.3
2026-06-21T12:12:00Z,562.3,184.8
2026-06-21T12:13:00Z,560.9,184.4
2026-06-21T12:14:00Z,559.6,183.9
2026-06-21T12:15:00Z,558.3,183.5
2026-06-21T12:16:00Z,557.0,183.1
2026-06-21T12:17:00Z,555.7,182.6
2026-06-21T12:18:00Z,554.4,182.2
2026-06-21T12:19:00Z,553.2,181.8
2026-06-21T12:20:00Z,551.9,181.4
2026-06-21T12:21:00Z,550.7,181.0
2026-06-21T12:22:00Z,549.5,180.6
2026-06-21T12:23:00Z,548.3,180.2
2026-06-21T12:24:00Z,547.2,179.8
2026-06-21T12:25:00Z,546.0,179.5
2026-06-21T12:26:00Z,544.9,179.1
2026-06-21T12:27:00Z,543.8,178.7
2026-06-21T12:28:00Z,542.7,178.4
2026-06-21T12:29:00Z,541.6,178.0
2026-06-21T12:30:00Z,540.6,177.7
2026-06-21T12:31:00Z,539.5,177.3
2026-06-21T12:32:00Z,538.5,177.0
2026-06-21T12:33:00Z,537.5,176.7
2026-06-21T12:34:00Z,536.5,176.3
2026-06-21T12:35:00Z,535.5,176.0
2026-06-21T12:36:00Z,534.5,175.7
2026-06-21T12:37:00Z,533.6,175.4
2026-06-21T12:38:00Z,532.7,175.1
2026-06-21T12:39:00Z,531.8,174.8
2026-06-21T12:40:00Z,530.9,174.5
2026-06-21T12:41:00Z,530.0,174.2
2026-06-21T12:42:00Z,529.2,173.9
2026-06-21T12:43:00Z,528.3,173.6
2026-06-21T12:44:00Z,527.5,173.4
2026-06-21T12:45:00Z,526.7,173.1
2026-06-21T12:46:00Z,525.9,172.9
2026-06-21T12:47:00Z,525.1,172.6
2026-06-21T12:48:00Z,524.4,172.4
2026-06-21T12:49:00Z,523.6,172.1
2026-06-21T12:50:00Z,522.9,171.9
2026-06-21T12:51:00Z,522.2,171.6
2026-06-21T12:52:00Z,521.5,171.4
2026-06-21T12:53:00Z,520.8,171.2
2026-06-21T12:54:00Z,520.2,171.0
2026-06-21T12:55:00Z,519.5,170.8
2026-06-21T12:56:00Z,518.9,170.6
2026-06-21T12:57:00Z,518.3,170.4
2026-06-21T12:58:00Z,517.7,170.2
2026-06-21T12:59:00Z,517.1,170.0
2026-06-21T13:00:00Z,516.6,169.8
2026-06-21T13:01:00Z,516.0,169.6
2026-06-21T13:02:00Z,515.5,169.4
2026-06-21T13:03:00Z,515.0,169.3
2026-06-21T13:04:00Z,514.5,169.1
2026-06-21T13:05:00Z,514.0,169.0
2026-06-21T13:06:00Z,513.6,168.8
2026-06-21T13:07:00Z,513.1,168.7
2026-06-21T13:08:00Z,512.7,168.5
2026-06-21T13:09:00Z,512.3,168.4
2026-06-21T13:10:00Z,511.9,168.2
2026-06-21T13:11:00Z,511.5,168.1
2026-06-21T13:12:00Z,511.1,168.0
2026-06-21T13:13:00Z,510.8,167.9
2026-06-21T13:14:00Z,510.5,167.8
2026-06-21T13:15:00Z,510.1,167.7
2026-06-21T13:16:00Z,509.8,167.6
2026-06-21T13:17:00Z,509.6,167.5
2026-06-21T13:18:00Z,509.3,167.4
2026-06-21T13:19:00Z,509.1,167.3
2026-06-21T13:20:00Z,508.8,167.2
2026-06-21T13:21:00Z,508.6,167.2
2026-06-21T13:22:00Z,508.4,167.1
2026-06-21T13:23:00Z,508.2,167.0
2026-06-21T13:24:00Z,508.1,167.0
2026-06-21T13:25:00Z,507.9,166.9
2026-06-21T13:26:00Z,507.8,166.9
2026-06-21T13:27:00Z,507.7,166.9
2026-06-21T13:28:00Z,507.6,166.8
2026-06-21T13:29:00Z,507.5,166.8
2026-06-21T13:30:00Z,507.4,166.8
2026-06-21T13:31:00Z,507.4,166.8
2026-06-21T13:32:00Z,507.3,166.8
2026-06-21T13:33:00Z,507.3,166.8
2026-06-21T13:34:00Z,507.3,166.8
2026-06-21T13:35:00Z,507.4,166.8
2026-06-21T13:36:00Z,507.4,166.8
2026-06-21T13:37:00Z,507.5,166.8
2026-06-21T13:38:00Z,507.5,166.8
2026-06-21T13:39:00Z,507.6,166.9
2026-06-21T13:40:00Z,507.8,166.9
2026-06-21T13:41:00Z,507.9,166.9
2026-06-21T13:42:00Z,508.0,167.0
2026-06-21T13:43:00Z,508.2,167.0
2026-06-21T13:44:00Z,508.4,167.1
2026-06-21T13:45:00Z,508.6,167.2
2026-06-21T13:46:00Z,508.8,167.2
2026-06-21T13:47:00Z,509.1,167.3
2026-06-21T13:48:00Z,509.3,167.4
2026-06-21T13:49:00Z,509.6,167.5
2026-06-21T13:50:00Z,509.9,167.6
2026-06-21T13:51:00Z,510.3,167.7
2026-06-21T13:52:00Z,510.6,167.8
2026-06-21T13:53:00Z,511.0,167.9
2026-06-21T13:54:00Z,511.3,168.1
2026-06-21T13:55:00Z,511.8,168.2
2026-06-21T13:56:00Z,512.2,168.3
2026-06-21T13:57:00Z,512.6,168.5
2026-06-21T13:58:00Z,513.1,168.6
2026-06-21T13:59:00Z,513.6,168.8
2026-06-21T14:00:00Z,514.1,169.0
2026-06-21T14:01:00Z,514.6,169.2
2026-06-21T14:02:00Z,515.2,169.3
2026-06-21T14:03:00Z,515.8,169.5
2026-06-21T14:04:00Z,516.4,169.7
2026-06-21T14:05:00Z,517.0,169.9
2026-06-21T14:06:00Z,517.6,170.1
2026-06-21T14:07:00Z,518.3,170.4
2026-06-21T14:08:00Z,519.0,170.6
2026-06-21T14:09:00Z,519.7,170.8
2026-06-21T14:10:00Z,520.4,171.1
2026-06-21T14:11:00Z,521.2,171.3
2026-06-21T14:12:00Z,522.0,171.6
2026-06-21T14:13:00Z,522.8,171.8
2026-06-21T14:14:00Z,523.6,172.1
2026-06-21T14:15:00Z,524.5,172.4
2026-06-21T14:16:00Z,525.4,172.7
2026-06-21T14:17:00Z,526.3,173.0
2026-06-21T14:18:00Z,527.2,173.3
2026-06-21T14:19:00Z,528.2,173.6
2026-06-21T14:20:00Z,529.2,173.9
2026-06-21T14:21:00Z,530.2,174.3
2026-06-21T14:22:00Z,531.3,174.6
2026-06-21T14:23:00Z,532.3,175.0
2026-06-21T14:24:00Z,533.4,175.3
2026-06-21T14:25:00Z,534.6,175.7
2026-06-21T14:26:00Z,535.7,176.1
2026-06-21T14:27:00Z,536.9,176.5
2026-06-21T14:28:00Z,538.1,176.9
2026-06-21T14:29:00Z,539.3,177.3
2026-06-21T14:30:00Z,540.6,177.7
2026-06-21T14:31:00Z,541.9,178.1
2026-06-21T14:32:00Z,543.2,178.6
2026-06-21T14:33:00Z,544.6,179.0
2026-06-21T14:34:00Z,546.0,179.5
2026-06-21T14:35:00Z,547.4,179.9
2026-06-21T14:36:00Z,548.9,180.4
2026-06-21T14:37:00Z,550.3,180.9
2026-06-21T14:38:00Z,551.8,181.4
2026-06-21T14:39:00Z,553.4,181.9
2026-06-21T14:40:00Z,555.0,182.4
2026-06-21T14:41:00Z,556.6,182.9
2026-06-21T14:42:00Z,558.2,183.5
2026-06-21T14:43:00Z,559.9,184.0
2026-06-21T14:44:00Z,561.6,184.6
2026-06-21T14:45:00Z,563.3,185.2
2026-06-21T14:46:00Z,565.1,185.7
2026-06-21T14:47:00Z,566.9,186.3
2026-06-21T14:48:00Z,568.7,186.9
2026-06-21T14:49:00Z,570.6,187.5
2026-06-21T14:50:00Z,572.5,188.2
2026-06-21T14:51:00Z,574.4,188.8
2026-06-21T14:52:00Z,576.4,189.5
2026-06-21T14:53:00Z,578.4,190.1
2026-06-21T14:54:00Z,580.5,190.8
2026-06-21T14:55:00Z,582.5,191.5
2026-06-21T14:56:00Z,584.7,192.2
2026-06-21T14:57:00Z,586.8,192.9
2026-06-21T14:58:00Z,589.0,193.6
2026-06-21T14:59:00Z,591.2,194.3
2026-06-21T15:00:00Z,593.5,195.1
2026-06-21T15:01:00Z,595.8,195.8
2026-06-21T15:02:00Z,598.1,196.6
2026-06-21T15:03:00Z,600.5,197.4
2026-06-21T15:04:00Z,602.9,198.1
2026-06-21T15:05:00Z,605.3,198.9
2026-06-21T15:06:00Z,607.8,199.8
2026-06-21T15:07:00Z,610.3,200.6
2026-06-21T15:08:00Z,612.8,201.4
2026-06-21T15:09:00Z,615.4,202.3
2026-06-21T15:10:00Z,618.0,203.1
2026-06-21T15:11:00Z,620.7,204.0
2026-06-21T15:12:00Z,623.4,204.9
2026-06-21T15:13:00Z,626.1,205.8
2026-06-21T15:14:00Z,628.9,206.7
2026-06-21T15:15:00Z,631.7,207.6
2026-06-21T15:16:00Z,634.6,208.6
2026-06-21T15:17:00Z,637.5,209.5
2026-06-21T15:18:00Z,640.4,210.5
2026-06-21T15:19:00Z,643.4,211.5
2026-06-21T15:20:00Z,646.4,212.4
2026-06-21T15:21:00Z,649.4,213.4
2026-06-21T15:22:00Z,652.5,214.5
2026-06-21T15:23:00Z,655.6,215.5
2026-06-21T15:24:00Z,658.7,216.5
2026-06-21T15:25:00Z,661.9,217.6
2026-06-21T15:26:00Z,665.1,218.6
2026-06-21T15:27:00Z,668.4,219.7
2026-06-21T15:28:00Z,671.7,220.8
2026-06-21T15:29:00Z,675.0,221.9
2026-06-21T15:30:00Z,678.4,223.0
2026-06-21T15:31:00Z,681.8,224.1
2026-06-21T15:32:00Z,685.3,225.2
2026-06-21T15:33:00Z,688.8,226.4
2026-06-21T15:34:00Z,692.3,227.5
2026-06-21T15:35:00Z,695.8,228.7
2026-06-21T15:36:00Z,699.4,229.9
2026-06-21T15:37:00Z,703.0,231.1
2026-06-21T15:38:00Z,706.7,232.3
2026-06-21T15:39:00Z,710.4,233.5
2026-06-21T15:40:00Z,714.1,234.7
2026-06-21T15:41:00Z,717.9,236.0
2026-06-21T15:42:00Z,721.7,237.2
2026-06-21T15:43:00Z,725.5,238.5
2026-06-21T15:44:00Z,729.4,239.7
2026-06-21T15:45:00Z,733.3,241.0
2026-06-21T15:46:00Z,737.2,242.3
2026-06-21T15:47:00Z,741.1,243.6
2026-06-21T15:48:00Z,745.1,244.9
2026-06-21T15:49:00Z,749.1,246.2
2026-06-21T15:50:00Z,753.2,247.6
2026-06-21T15:51:00Z,757.3,248.9
2026-06-21T15:52:00Z,761.4,250.3
2026-06-21T15:53:00Z,765.5,251.6
2026-06-21T15:54:00Z,769.7,253.0
2026-06-21T15:55:00Z,773.9,254.4
2026-06-21T15:56:00Z,778.1,255.7
2026-06-21T15:57:00Z,782.3,257.1
2026-06-21T15:58:00Z,786.6,258.5
2026-06-21T15:59:00Z,790.9,260.0
2026-06-21T16:00:00Z,795.2,261.4
2026-06-21T16:01:00Z,799.6,262.8
2026-06-21T16:02:00Z,804.0,264.2
2026-06-21T16:03:00Z,808.3,265.7
2026-06-21T16:04:00Z,812.8,267.1
2026-06-21T16:05:00Z,817.2,268.6
2026-06-21T16:06:00Z,821.6,270.1
2026-06-21T16:07:00Z,826.1,271.5
2026-06-21T16:08:00Z,830.6,273.0
2026-06-21T16:09:00Z,835.1,274.5
2026-06-21T16:10:00Z,839.6,276.0
2026-06-21T16:11:00Z,844.2,277.5
2026-06-21T16:12:00Z,848.7,279.0
2026-06-21T16:13:00Z,853.3,280.5
2026-06-21T16:14:00Z,857.9,282.0
2026-06-21T16:15:00Z,862.5,283.5
2026-06-21T16:16:00Z,867.1,285.0
2026-06-21T16:17:00Z,871.7,286.5
2026-06-21T16:18:00Z,876.4,288.0
2026-06-21T16:19:00Z,881.0,289.6
2026-06-21T16:20:00Z,885.7,291.1
2026-06-21T16:21:00Z,890.3,292.6
2026-06-21T16:22:00Z,895.0,294.2
2026-06-21T16:23:00Z,899.6,295.7
2026-06-21T16:24:00Z,904.3,297.2
2026-06-21T16:25:00Z,909.0,298.8
2026-06-21T16:26:00Z,913.7,300.3
2026-06-21T16:27:00Z,918.3,301.8
2026-06-21T16:28:00Z,923.0,303.4
2026-06-21T16:29:00Z,927.7,304.9
2026-06-21T16:30:00Z,932.4,306.5
2026-06-21T16:31:00Z,937.0,308.0
2026-06-21T16:32:00Z,941.7,309.5
2026-06-21T16:33:00Z,946.4,311.1
2026-06-21T16:34:00Z,951.0,312.6
2026-06-21T16:35:00Z,955.7,314.1
2026-06-21T16:36:00Z,960.3,315.6
2026-06-21T16:37:00Z,964.9,317.1
2026-06-21T16:38:00Z,969.5,318.7
2026-06-21T16:39:00Z,974.1,320.2
2026-06-21T16:40:00Z,978.7,321.7
2026-06-21T16:41:00Z,983.3,323.2
2026-06-21T16:42:00Z,987.8,324.7
2026-06-21T16:43:00Z,992.4,326.2
2026-06-21T16:44:00Z,996.9,327.7
2026-06-21T16:45:00Z,1001.4,329.1
2026-06-21T16:46:00Z,1005.9,330.6
2026-06-21T16:47:00Z,1010.3,332.1
2026-06-21T16:48:00Z,1014.7,333.5
2026-06-21T16:49:00Z,1019.1,335.0
2026-06-21T16:50:00Z,1023.5,336.4
2026-06-21T16:51:00Z,1027.9,337.8
2026-06-21T16:52:00Z,1032.2,339.3
2026-06-21T16:53:00Z,1036.5,340.7
2026-06-21T16:54:00Z,1040.8,342.1
2026-06-21T16:55:00Z,1045.0,343.5
2026-06-21T16:56:00Z,1049.2,344.9
2026-06-21T16:57:00Z,1053.3,346.2
2026-06-21T16:58:00Z,1057.5,347.6
2026-06-21T16:59:00Z,1061.6,348.9
2026-06-21T17:00:00Z,1065.6,350.3
2026-06-21T17:01:00Z,1069.6,351.6
2026-06-21T17:02:00Z,1073.6,352.9
2026-06-21T17:03:00Z,1077.5,354.2
2026-06-21T17:04:00Z,1081.4,355.4
2026-06-21T17:05:00Z,1085.3,356.7
2026-06-21T17:06:00Z,1089.1,358.0
2026-06-21T17:07:00Z,1092.8,359.2
2026-06-21T17:08:00Z,1096.5,360.4
2026-06-21T17:09:00Z,1100.2,361.6
2026-06-21T17:10:00Z,1103.8,362.8
2026-06-21T17:11:00Z,1107.3,364.0
2026-06-21T17:12:00Z,1110.8,365.1
2026-06-21T17:13:00Z,1114.3,366.2
2026-06-21T17:14:00Z,1117.7,367.4
2026-06-21T17:15:00Z,1121.0,368.5
2026-06-21T17:16:00Z,1124.3,369.5
2026-06-21T17:17:00Z,1127.5,370.6
2026-06-21T17:18:00Z,1130.7,371.6
2026-06-21T17:19:00Z,1133.8,372.7
2026-06-21T17:20:00Z,1136.8,373.7
2026-06-21T17:21:00Z,1139.8,374.6
2026-06-21T17:22:00Z,1142.7,375.6
2026-06-21T17:23:00Z,1145.6,376.5
2026-06-21T17:24:00Z,1148.4,377.5
2026-06-21T17:25:00Z,1151.1,378.4
2026-06-21T17:26:00Z,1153.8,379.2
2026-06-21T17:27:00Z,1156.4,380.1
2026-06-21T17:28:00Z,1158.9,380.9
2026-06-21T17:29:00Z,1161.4,381.7
2026-06-21T17:30:00Z,1163.8,382.5
2026-06-21T17:31:00Z,1166.1,383.3
2026-06-21T17:32:00Z,1168.3,384.0
2026-06-21T17:33:00Z,1170.5,384.7
2026-06-21T17:34:00Z,1172.6,385.4
2026-06-21T17:35:00Z,1174.6,386.1
2026-06-21T17:36:00Z,1176.6,386.7
2026-06-21T17:37:00Z,1178.5,387.3
2026-06-21T17:38:00Z,1180.3,387.9
2026-06-21T17:39:00Z,1182.0,388.5
2026-06-21T17:40:00Z,1183.7,389.1
2026-06-21T17:41:00Z,1185.2,389.6
2026-06-21T17:42:00Z,1186.7,390.1
2026-06-21T17:43:00Z,1188.2,390.5
2026-06-21T17:44:00Z,1189.5,391.0
2026-06-21T17:45:00Z,1190.8,391.4
2026-06-21T17:46:00Z,1191.9,391.8
2026-06-21T17:47:00Z,1193.1,392.1
2026-06-21T17:48:00Z,1194.1,392.5
2026-06-21T17:49:00Z,1195.0,392.8
2026-06-21T17:50:00Z,1195.9,393.1
2026-06-21T17:51:00Z,1196.7,393.3
2026-06-21T17:52:00Z,1197.4,393.6
2026-06-21T17:53:00Z,1198.0,393.8
2026-06-21T17:54:00Z,1198.5,393.9
2026-06-21T17:55:00Z,1199.0,394.1
2026-06-21T17:56:00Z,1199.3,394.2
2026-06-21T17:57:00Z,1199.6,394.3
2026-06-21T17:58:00Z,1199.8,394.4
2026-06-21T17:59:00Z,1200.0,394.4
2026-06-21T18:00:00Z,1200.0,394.4
2026-06-21T18:01:00Z,1200.0,394.4
2026-06-21T18:02:00Z,1199.8,394.4
2026-06-21T18:03:00Z,1199.6,394.3
2026-06-21T18:04:00Z,1199.3,394.2
2026-06-21T18:05:00Z,1199.0,394.1
2026-06-21T18:06:00Z,1198.5,393.9
2026-06-21T18:07:00Z,1198.0,393.8
2026-06-21T18:08:00Z,1197.4,393.6
2026-06-21T18:09:00Z,1196.7,393.3
2026-06-21T18:10:00Z,1195.9,393.1
2026-06-21T18:11:00Z,1195.0,392.8
2026-06-21T18:12:00Z,1194.1,392.5
2026-06-21T18:13:00Z,1193.1,392.1
2026-06-21T18:14:00Z,1191.9,391.8
2026-06-21T18:15:00Z,1190.8,391.4
2026-06-21T18:16:00Z,1189.5,391.0
2026-06-21T18:17:00Z,1188.2,390.5
2026-06-21T18:18:00Z,1186.7,390.1
2026-06-21T18:19:00Z,1185.2,389.6
2026-06-21T18:20:00Z,1183.7,389.1
2026-06-21T18:21:00Z,1182.0,388.5
2026-06-21T18:22:00Z,1180.3,387.9
2026-06-21T18:23:00Z,1178.5,387.3
2026-06-21T18:24:00Z,1176.6,386.7
2026-06-21T18:25:00Z,1174.6,386.1
2026-06-21T18:26:00Z,1172.6,385.4
2026-06-21T18:27:00Z,1170.5,384.7
2026-06-21T18:28:00Z,1168.3,384.0
2026-06-21T18:29:00Z,1166.1,383.3
2026-06-21T18:30:00Z,1163.8,382.5
2026-06-21T18:31:00Z,1161.4,381.7
2026-06-21T18:32:00Z,1158.9,380.9
2026-06-21T18:33:00Z,1156.4,380.1
2026-06-21T18:34:00Z,1153.8,379.2
2026-06-21T18:35:00Z,1151.1,378.4
2026-06-21T18:36:00Z,1148.4,377.5
2026-06-21T18:37:00Z,1145.6,376.5
2026-06-21T18:38:00Z,1142.7,375.6
2026-06-21T18:39:00Z,1139.8,374.6
2026-06-21T18:40:00Z,1136.8,373.7
2026-06-21T18:41:00Z,1133.8,372.7
2026-06-21T18:42:00Z,1130.7,371.6
2026-06-21T18:43:00Z,1127.5,370.6
2026-06-21T18:44:00Z,1124.3,369.5
2026-06-21T18:45:00Z,1121.0,368.5
2026-06-21T18:46:00Z,1117.7,367.4
2026-06-21T18:47:00Z,1114.3,366.2
2026-06-21T18:48:00Z,1110.8,365.1
2026-06-21T18:49:00Z,1107.3,364.0
2026-06-21T18:50:00Z,1103.8,362.8
2026-06-21T18:51:00Z,1100.2,361.6
2026-06-21T18:52:00Z,1096.5,360.4
2026-06-21T18:53:00Z,1092.8,359.2
2026-06-21T18:54:00Z,1089.0,358.0
2026-06-21T18:55:00Z,1085.2,356.7
2026-06-21T18:56:00Z,1081.4,355.4
2026-06-21T18:57:00Z,1077.5,354.2
2026-06-21T18:58:00Z,1073.6,352.9
2026-06-21T18:59:00Z,1069.6,351.6
2026-06-21T19:00:00Z,1065.6,350.2
2026-06-21T19:01:00Z,1061.5,348.9
2026-06-21T19:02:00Z,1057.5,347.6
2026-06-21T19:03:00Z,1053.3,346.2
2026-06-21T19:04:00Z,1049.2,344.8
2026-06-21T19:05:00Z,1045.0,343.5
2026-06-21T19:06:00Z,1040.7,342.1
2026-06-21T19:07:00Z,1036.5,340.7
2026-06-21T19:08:00Z,1032.2,339.3
2026-06-21T19:09:00Z,1027.9,337.8
2026-06-21T19:10:00Z,1023.5,336.4
2026-06-21T19:11:00Z,1019.1,335.0
2026-06-21T19:12:00Z,1014.7,333.5
2026-06-21T19:13:00Z,1010.3,332.1
2026-06-21T19:14:00Z,1005.8,330.6
2026-06-21T19:15:00Z,1001.3,329.1
2026-06-21T19:16:00Z,996.9,327.6
2026-06-21T19:17:00Z,992.3,326.2
2026-06-21T19:18:00Z,987.8,324.7
2026-06-21T19:19:00Z,983.2,323.2
2026-06-21T19:20:00Z,978.7,321.7
2026-06-21T19:21:00Z,974.1,320.2
2026-06-21T19:22:00Z,969.5,318.7
2026-06-21T19:23:00Z,964.9,317.1
2026-06-21T19:24:00Z,960.2,315.6
2026-06-21T19:25:00Z,955.6,314.1
2026-06-21T19:26:00Z,951.0,312.6
2026-06-21T19:27:00Z,946.3,311.0
2026-06-21T19:28:00Z,941.6,309.5
2026-06-21T19:29:00Z,937.0,308.0
2026-06-21T19:30:00Z,932.3,306.4
2026-06-21T19:31:00Z,927.6,304.9
2026-06-21T19:32:00Z,923.0,303.4
2026-06-21T19:33:00Z,918.3,301.8
2026-06-21T19:34:00Z,913.6,300.3
2026-06-21T19:35:00Z,908.9,298.7
2026-06-21T19:36:00Z,904.3,297.2
2026-06-21T19:37:00Z,899.6,295.7
2026-06-21T19:38:00Z,894.9,294.1
2026-06-21T19:39:00Z,890.2,292.6
2026-06-21T19:40:00Z,885.6,291.1
2026-06-21T19:41:00Z,880.9,289.5
2026-06-21T19:42:00Z,876.3,288.0
2026-06-21T19:43:00Z,871.7,286.5
2026-06-21T19:44:00Z,867.0,285.0
2026-06-21T19:45:00Z,862.4,283.5
2026-06-21T19:46:00Z,857.8,281.9
2026-06-21T19:47:00Z,853.2,280.4
2026-06-21T19:48:00Z,848.6,278.9
2026-06-21T19:49:00Z,844.1,277.4
2026-06-21T19:50:00Z,839.5,275.9
2026-06-21T19:51:00Z,835.0,274.5
2026-06-21T19:52:00Z,830.5,273.0
2026-06-21T19:53:00Z,826.0,271.5
2026-06-21T19:54:00Z,821.5,270.0
2026-06-21T19:55:00Z,817.1,268.6
2026-06-21T19:56:00Z,812.6,267.1
2026-06-21T19:57:00Z,808.2,265.6
2026-06-21T19:58:00Z,803.8,264.2
2026-06-21T19:59:00Z,799.4,262.8
2026-06-21T20:00:00Z,795.1,261.3
2026-06-21T20:01:00Z,790.7,259.9
2026-06-21T20:02:00Z,786.4,258.5
2026-06-21T20:03:00Z,782.2,257.1
2026-06-21T20:04:00Z,777.9,255.7
2026-06-21T20:05:00Z,773.7,254.3
2026-06-21T20:06:00Z,769.5,252.9
2026-06-21T20:07:00Z,765.3,251.5
2026-06-21T20:08:00Z,761.2,250.2
2026-06-21T20:09:00Z,757.0,248.8
2026-06-21T20:10:00Z,753.0,247.5
2026-06-21T20:11:00Z,748.9,246.2
2026-06-21T20:12:00Z,744.9,244.8
2026-06-21T20:13:00Z,740.9,243.5
2026-06-21T20:14:00Z,736.9,242.2
2026-06-21T20:15:00Z,733.0,240.9
2026-06-21T20:16:00Z,729.1,239.6
2026-06-21T20:17:00Z,725.2,238.4
2026-06-21T20:18:00Z,721.4,237.1
2026-06-21T20:19:00Z,717.6,235.8
2026-06-21T20:20:00Z,713.8,234.6
2026-06-21T20:21:00Z,710.0,233.4
2026-06-21T20:22:00Z,706.3,232.2
2026-06-21T20:23:00Z,702.7,231.0
2026-06-21T20:24:00Z,699.0,229.8
2026-06-21T20:25:00Z,695.4,228.6
2026-06-21T20:26:00Z,691.9,227.4
2026-06-21T20:27:00Z,688.3,226.2
2026-06-21T20:28:00Z,684.8,225.1
2026-06-21T20:29:00Z,681.4,224.0
2026-06-21T20:30:00Z,677.9,222.8
2026-06-21T20:31:00Z,674.5,221.7
2026-06-21T20:32:00Z,671.2,220.6
2026-06-21T20:33:00Z,667.9,219.5
2026-06-21T20:34:00Z,664.6,218.4
2026-06-21T20:35:00Z,661.3,217.4
2026-06-21T20:36:00Z,658.1,216.3
2026-06-21T20:37:00Z,655.0,215.3
2026-06-21T20:38:00Z,651.8,214.2
2026-06-21T20:39:00Z,648.7,213.2
2026-06-21T20:40:00Z,645.7,212.2
2026-06-21T20:41:00Z,642.6,211.2
2026-06-21T20:42:00Z,639.7,210.2
2026-06-21T20:43:00Z,636.7,209.3
2026-06-21T20:44:00Z,633.8,208.3
2026-06-21T20:45:00Z,630.9,207.4
2026-06-21T20:46:00Z,628.1,206.4
2026-06-21T20:47:00Z,625.3,205.5
2026-06-21T20:48:00Z,622.5,204.6
2026-06-21T20:49:00Z,619.8,203.7
2026-06-21T20:50:00Z,617.1,202.8
2026-06-21T20:51:00Z,614.4,202.0
2026-06-21T20:52:00Z,611.8,201.1
2026-06-21T20:53:00Z,609.2,200.2
2026-06-21T20:54:00Z,606.7,199.4
2026-06-21T20:55:00Z,604.2,198.6
2026-06-21T20:56:00Z,601.7,197.8
2026-06-21T20:57:00Z,599.2,197.0
2026-06-21T20:58:00Z,596.8,196.2
2026-06-21T20:59:00Z,594.5,195.4
2026-06-21T21:00:00Z,592.1,194.6
2026-06-21T21:01:00Z,589.8,193.9
2026-06-21T21:02:00Z,587.6,193.1
2026-06-21T21:03:00Z,585.3,192.4
2026-06-21T21:04:00Z,583.1,191.7
2026-06-21T21:05:00Z,581.0,191.0
2026-06-21T21:06:00Z,578.9,190.3
2026-06-21T21:07:00Z,576.8,189.6
2026-06-21T21:08:00Z,574.7,188.9
2026-06-21T21:09:00Z,572.7,188.2
2026-06-21T21:10:00Z,570.7,187.6
2026-06-21T21:11:00Z,568.7,186.9
2026-06-21T21:12:00Z,566.8,186.3
2026-06-21T21:13:00Z,564.9,185.7
2026-06-21T21:14:00Z,563.0,185.1
2026-06-21T21:15:00Z,561.2,184.5
2026-06-21T21:16:00Z,559.4,183.9
2026-06-21T21:17:00Z,557.6,183.3
2026-06-21T21:18:00Z,555.9,182.7
2026-06-21T21:19:00Z,554.2,182.1
2026-06-21T21:20:00Z,552.5,181.6
2026-06-21T21:21:00Z,550.8,181.1
2026-06-21T21:22:00Z,549.2,180.5
2026-06-21T21:23:00Z,547.6,180.0
2026-06-21T21:24:00Z,546.1,179.5
2026-06-21T21:25:00Z,544.5,179.0
2026-06-21T21:26:00Z,543.0,178.5
2026-06-21T21:27:00Z,541.6,178.0
2026-06-21T21:28:00Z,540.1,177.5
2026-06-21T21:29:00Z,538.7,177.1
2026-06-21T21:30:00Z,537.3,176.6
2026-06-21T21:31:00Z,535.9,176.2
2026-06-21T21:32:00Z,534.6,175.7
2026-06-21T21:33:00Z,533.3,175.3
2026-06-21T21:34:00Z,532.0,174.9
2026-06-21T21:35:00Z,530.7,174.4
2026-06-21T21:36:00Z,529.5,174.0
2026-06-21T21:37:00Z,528.3,173.6
2026-06-21T21:38:00Z,527.1,173.2
2026-06-21T21:39:00Z,525.9,172.9
2026-06-21T21:40:00Z,524.8,172.5
2026-06-21T21:41:00Z,523.6,172.1
2026-06-21T21:42:00Z,522.6,171.8
2026-06-21T21:43:00Z,521.5,171.4
2026-06-21T21:44:00Z,520.4,171.1
2026-06-21T21:45:00Z,519.4,170.7
2026-06-21T21:46:00Z,518.4,170.4
2026-06-21T21:47:00Z,517.4,170.1
2026-06-21T21:48:00Z,516.4,169.7
2026-06-21T21:49:00Z,515.5,169.4
2026-06-21T21:50:00Z,514.6,169.1
2026-06-21T21:51:00Z,513.7,168.8
2026-06-21T21:52:00Z,512.8,168.5
2026-06-21T21:53:00Z,511.9,168.3
2026-06-21T21:54:00Z,511.1,168.0
2026-06-21T21:55:00Z,510.3,167.7
2026-06-21T21:56:00Z,509.5,167.4
2026-06-21T21:57:00Z,508.7,167.2
2026-06-21T21:58:00Z,507.9,166.9
2026-06-21T21:59:00Z,507.1,166.7
2026-06-21T22:00:00Z,506.4,166.4
2026-06-21T22:01:00Z,505.7,166.2
2026-06-21T22:02:00Z,505.0,166.0
2026-06-21T22:03:00Z,504.3,165.8
2026-06-21T22:04:00Z,503.6,165.5
2026-06-21T22:05:00Z,503.0,165.3
2026-06-21T22:06:00Z,502.3,165.1
2026-06-21T22:07:00Z,501.7,164.9
2026-06-21T22:08:00Z,501.1,164.7
2026-06-21T22:09:00Z,500.5,164.5
2026-06-21T22:10:00Z,499.9,164.3
2026-06-21T22:11:00Z,499.4,164.1
2026-06-21T22:12:00Z,498.8,164.0
2026-06-21T22:13:00Z,498.3,163.8
2026-06-21T22:14:00Z,497.8,163.6
2026-06-21T22:15:00Z,497.2,163.4
2026-06-21T22:16:00Z,496.7,163.3
2026-06-21T22:17:00Z,496.3,163.1
2026-06-21T22:18:00Z,495.8,163.0
2026-06-21T22:19:00Z,495.3,162.8
2026-06-21T22:20:00Z,494.9,162.7
2026-06-21T22:21:00Z,494.4,162.5
2026-06-21T22:22:00Z,494.0,162.4
2026-06-21T22:23:00Z,493.6,162.2
2026-06-21T22:24:00Z,493.2,162.1
2026-06-21T22:25:00Z,492.8,162.0
2026-06-21T22:26:00Z,492.4,161.8
2026-06-21T22:27:00Z,492.0,161.7
2026-06-21T22:28:00Z,491.7,161.6
2026-06-21T22:29:00Z,491.3,161.5
2026-06-21T22:30:00Z,491.0,161.4
2026-06-21T22:31:00Z,490.6,161.3
2026-06-21T22:32:00Z,490.3,161.2
2026-06-21T22:33:00Z,490.0,161.1
2026-06-21T22:34:00Z,489.7,161.0
2026-06-21T22:35:00Z,489.4,160.9
2026-06-21T22:36:00Z,489.1,160.8
2026-06-21T22:37:00Z,488.8,160.7
2026-06-21T22:38:00Z,488.5,160.6
2026-06-21T22:39:00Z,488.3,160.5
2026-06-21T22:40:00Z,488.0,160.4
2026-06-21T22:41:00Z,487.7,160.3
2026-06-21T22:42:00Z,487.5,160.2
2026-06-21T22:43:00Z,487.3,160.2
2026-06-21T22:44:00Z,487.0,160.1
2026-06-21T22:45:00Z,486.8,160.0
2026-06-21T22:46:00Z,486.6,159.9
2026-06-21T22:47:00Z,486.4,159.9
2026-06-21T22:48:00Z,486.2,159.8
2026-06-21T22:49:00Z,486.0,159.7
2026-06-21T22:50:00Z,485.8,159.7
2026-06-21T22:51:00Z,485.6,159.6
2026-06-21T22:52:00Z,485.4,159.5
2026-06-21T22:53:00Z,485.2,159.5
2026-06-21T22:54:00Z,485.0,159.4
2026-06-21T22:55:00Z,484.9,159.4
2026-06-21T22:56:00Z,484.7,159.3
2026-06-21T22:57:00Z,484.6,159.3
2026-06-21T22:58:00Z,484.4,159.2
2026-06-21T22:59:00Z,484.3,159.2
2026-06-21T23:00:00Z,484.1,159.1
2026-06-21T23:01:00Z,484.0,159.1
2026-06-21T23:02:00Z,483.8,159.0
2026-06-21T23:03:00Z,483.7,159.0
2026-06-21T23:04:00Z,483.6,158.9
2026-06-21T23:05:00Z,483.5,158.9
2026-06-21T23:06:00Z,483.3,158.9
2026-06-21T23:07:00Z,483.2,158.8
2026-06-21T23:08:00Z,483.1,158.8
2026-06-21T23:09:00Z,483.0,158.8
2026-06-21T23:10:00Z,482.9,158.7
2026-06-21T23:11:00Z,482.8,158.7
2026-06-21T23:12:00Z,482.7,158.7
2026-06-21T23:13:00Z,482.6,158.6
2026-06-21T23:14:00Z,482.5,158.6
2026-06-21T23:15:00Z,482.4,158.6
2026-06-21T23:16:00Z,482.3,158.5
2026-06-21T23:17:00Z,482.3,158.5
2026-06-21T23:18:00Z,482.2,158.5
2026-06-21T23:19:00Z,482.1,158.5
2026-06-21T23:20:00Z,482.0,158.4
2026-06-21T23:21:00Z,481.9,158.4
2026-06-21T23:22:00Z,481.9,158.4
2026-06-21T23:23:00Z,481.8,158.4
2026-06-21T23:24:00Z,481.7,158.3
2026-06-21T23:25:00Z,481.7,158.3
2026-06-21T23:26:00Z,481.6,158.3
2026-06-21T23:27:00Z,481.6,158.3
2026-06-21T23:28:00Z,481.5,158.3
2026-06-21T23:29:00Z,481.4,158.2
2026-06-21T23:30:00Z,481.4,158.2
2026-06-21T23:31:00Z,481.3,158.2
2026-06-21T23:32:00Z,481.3,158.2
2026-06-21T23:33:00Z,481.2,158.2
2026-06-21T23:34:00Z,481.2,158.2
2026-06-21T23:35:00Z,481.1,158.1
2026-06-21T23:36:00Z,481.1,158.1
2026-06-21T23:37:00Z,481.1,158.1
2026-06-21T23:38:00Z,481.0,158.1
2026-06-21T23:39:00Z,481.0,158.1
2026-06-21T23:40:00Z,480.9,158.1
2026-06-21T23:41:00Z,480.9,158.1
2026-06-21T23:42:00Z,480.9,158.1
2026-06-21T23:43:00Z,480.8,158.0
2026-06-21T23:44:00Z,480.8,158.0
2026-06-21T23:45:00Z,480.8,158.0
2026-06-21T23:46:00Z,480.7,158.0
2026-06-21T23:47:00Z,480.7,158.0
2026-06-21T23:48:00Z,480.7,158.0
2026-06-21T23:49:00Z,480.7,158.0
2026-06-21T23:50:00Z,480.6,158.0
2026-06-21T23:51:00Z,480.6,158.0
2026-06-21T23:52:00Z,480.6,158.0
2026-06-21T23:53:00Z,480.6,158.0
2026-06-21T23:54:00Z,480.5,157.9
2026-06-21T23:55:00Z,480.5,157.9
2026-06-21T23:56:00Z,480.5,157.9
2026-06-21T23:57:00Z,480.5,157.9
2026-06-21T23:58:00Z,480.5,157.9
2026-06-21T23:59:00Z,480.4,157.9
